post_id,privacy_profile,term,course_code,course_name,instructor,raw_text,issues,toxicity_level,pii_self_name,pii_other_person_name,pii_instructor_mentioned,pii_exact_score,pii_other_person_score,pii_student_id,pii_email,pii_phone,pii_social_handle,pii_section,pii_class_time,pii_classroom,pii_dorm,pii_dorm_room,pii_unique_detail,pii_accommodation_note,_src_file,post_id_orig
0,social_handle,2026Fall,CS330,Parallel Algorithms,Ethan Park,"CS330 project was cool but the grading felt harsh for tiny performance differences. Also the TA help queue was always slammed, so debugging took forever. I posted my build notes at @threadsafe_turtle.",grading_harsh|ta_support_poor|workload_heavy,mid,,,,,,,,,@threadsafe_turtle,,,,,,,,feedback_1.csv,p000000
1,phone,2025Fall,ENG404T,Advanced Technical Writing,Sera Holcomb,"The feedback was super picky and sometimes felt inconsistent across drafts. If anyone figured out the portfolio rubric, text me at +1-555-0107.",grading_harsh|assignment_unclear,mid,,,,,,,,+1-555-0107,,,,,,,,,feedback_1.csv,p000001
2,combo_scores_plus_location,2026Spring,LB102,Creative Writing Workshop,Sana Kadir,"LB102 has good vibes but feedback quality depends a lot on who’s in your group. I got 96 on the portfolio draft, and Nico Arden got 89. Section L2 is Mon 13:00 in Seminar Cove-7 and it sometimes runs overtime.",ta_support_poor|schedule_conflict,mid,,Nico Arden,,96.0,89.0,,,,,Section L2,Mon 13:00,Seminar Cove-7,,,,,feedback_1.csv,p000002
3,unique_event,2025Fall,UGF201,Abstract Algebra I,Tamsin Qori,"Concepts are cool but the lectures jump steps and I get lost. On the midterm, I was the only one asked to redo Q3 at the board because my written solution used a nonstandard coset notation and the TA couldn't parse it.",teaching_unclear|exam_too_hard|fairness_issue,mid,,,,,,,,,,,,,,,I was the only one asked to redo Q3 at the board because my written solution used a nonstandard coset notation and the TA couldn't parse it,,feedback_1.csv,p000003
4,student_id,2025Fall,BIO220L,Molecular Biology Lab,Junia Calder,Student ID: 20253419. Labs are interesting but the report rubric is confusing and the grading feels harsh for tiny formatting stuff. It’s a lot to juggle with other labs.,grading_harsh|assignment_unclear|workload_heavy,mid,,,,,,20253419.0,,,,,,,,,,,feedback_1.csv,p000004
5,combo_self_and_other_scores,2026Spring,UG101,Foundations of Art History,Priya Anand,"Slides are incomplete so you end up googling half the images. I got 62 on the midterm, but my roommate Kian Rell got 79, so maybe I studied the wrong stuff.",slides_incomplete|teaching_unclear,mid,,Kian Rell,,62.0,79.0,,,,,,,,,,,,feedback_1.csv,p000005
6,accommodation,2025Fall,BIO220L,Molecular Biology Lab,Junia Calder,"The lab reports are so picky and the feedback is late, so it’s hard to improve. Requesting accommodation: flexible deadline window for lab reports.",grading_harsh|ta_support_poor,mid,,,,,,,,,,,,,,,,Requesting accommodation: flexible deadline window for lab reports.,feedback_1.csv,p000006
7,accommodation,2025Summer,BI214,Cell Physiology Lab,Nora G. Patel,Labs take forever and the instructions feel vague until you mess up once. Please provide a written step-by-step checklist as an accommodation for lab procedures.,workload_heavy|assignment_unclear,mid,,,,,,,,,,,,,,,,Please provide a written step-by-step checklist as an accommodation for lab procedures.,feedback_1.csv,p000007
8,section_time_place,2026Spring,BT-S01,Seminar in Speculative Botany,Prof. Linnea Sparrow,"BT-S01 Section SEM1 is Tue 15:30–17:20 in Greenhouse Annex 9. Love the discussions, but participation grading is stressful and feels a bit inconsistent week to week.",fairness_issue|grading_harsh,mid,,,,,,,,,,Section SEM1,Tue 15:30–17:20,Greenhouse Annex 9,,,,,feedback_1.csv,p000008
9,none,2026Winter,MG409,Quantitative Finance,R. K. Omondi,"Problem sets were brutal and grading felt harsher than it needed to be. The lectures were fine, but I spent most of the time re-teaching myself from notes.",workload_heavy|grading_harsh|teaching_unclear,mid,,,,,,,,,,,,,,,,,feedback_1.csv,p000009
10,score_only,2025Fall,PH301,Statistical Mechanics,Zoe Park,Ended with 64. Lectures were fine but the exam questions were way harder than the problem sets.,exam_too_hard|difficulty_high,mid,,,,64.0,,,,,,,,,,,,,feedback_1.csv,p000010
11,combo_scores_plus_location,2025Spring,AR110,Intro to Creative Workshops,Lina Barros,"AR110 is fun but critiques can feel random depending on the day. I got 93 on Portfolio Check 1, and my partner Sable Noren got 86. Section W1 meets Fri 10:00 in Workshop Iris-5.",fairness_issue|grading_harsh,mid,,Sable Noren,,93.0,86.0,,,,,Section W1,Fri 10:00,Workshop Iris-5,,,,,feedback_1.csv,p000011
12,both_score_and_name,2025Fall,UG301,Introduction to Cultural Studies,Marin Orel,"Got 84, but the final felt way harder than the quizzes and the pace jumped a lot at the end. Juno Marrek said I was overreacting, but I was stressed.",exam_too_hard|pace_too_fast,mid,,Juno Marrek,,84.0,,,,,,,,,,,,,feedback_1.csv,p000012
13,social_handle,2025Winter,TH-330,Applied Thermodynamics,Elijah K. Sorn,"TH-330 labs ate up my whole week and the lab writeup rubric felt kind of random. The slides were also missing steps so I had to Google basics. If anyone found a better workflow, ping @thermo_grind.",workload_heavy|slides_incomplete|fairness_issue,mid,,,,,,,,,@thermo_grind,,,,,,,,feedback_1.csv,p000013
14,student_id,2025Fall,QMX350,Quantum Mechanics II,Levon Mirek,Student ID 20254671 here. Problem sets were brutal and the midterm felt way harder than the review sheet. I’m honestly lost half the time.,difficulty_high|exam_too_hard|teaching_unclear,mid,,,,,,20254671.0,,,,,,,,,,,feedback_1.csv,p000014
15,social_handle,2026Spring,UG201,Statistical Mechanics II,Lian Zhou,"UG201 moves so fast that if you miss one concept you’re basically done for the week. Labs were fine, but the exams felt way harder than the practice sets. I’m swapping study tips on @boltzmann_buddy.",pace_too_fast|exam_too_hard|difficulty_high,mid,,,,,,,,,@boltzmann_buddy,,,,,,,,feedback_1.csv,p000015
16,name_only,2025Fall,QMX350,Quantum Mechanics II,Levon Mirek,Honestly brutal pace. I studied with Maya Kline and we still felt like we were guessing half the time on the problem sets.,pace_too_fast|difficulty_high|assignment_unclear,mid,,Maya Kline,,,,,,,,,,,,,,,feedback_1.csv,p000016
17,none,2025Fall,BIO220L,Molecular Biology Lab,Junia Calder,"Lab reports were a grind every single week, and the rubric felt kind of vague. I learned a lot but the workload was rough.",workload_heavy|assignment_unclear,mid,,,,,,,,,,,,,,,,,feedback_1.csv,p000017
18,score_only,2025Fall,WM-101,World Mythologies,Sofia D. Laurent,Got 86. Readings were a lot but at least the prompts were clear and discussions were actually interesting.,workload_heavy,mid,,,,86.0,,,,,,,,,,,,,feedback_1.csv,p000018
19,score_only,2025Fall,UG301,Advanced Algorithms,Rina Kovac,Pulled a 49 and honestly I’m not surprised. The proofs felt like they came out of nowhere and the pace never slowed down.,difficulty_high|pace_too_fast|teaching_unclear,mid,,,,49.0,,,,,,,,,,,,,feedback_1.csv,p000019
20,accommodation,2024Fall,CS420,Systems Programming II,Hiro Tanek,This class is insanely hard and the exam questions feel like they come out of nowhere. I need an accommodation: alternate quiet testing room for timed exams.,difficulty_high|exam_too_hard,mid,,,,,,,,,,,,,,,,I need an accommodation: alternate quiet testing room for timed exams.,feedback_1.csv,p000020
21,combo_self_and_other_scores,2026Fall,PH230,Electrodynamics,Helga Brenn,"The exam felt like it came from a different class than the homework. I got 71, but my friend Milo Dane got 58, and the partial credit was stingy.",exam_too_hard|grading_harsh,mid,,Milo Dane,,71.0,58.0,,,,,,,,,,,,feedback_1.csv,p000021
22,combo_self_and_other_scores,2025Fall,PSY150X,Cognitive Psychology,Mika Ren,"Lectures are interesting but the quizzes feel like trick questions. I got 68, and my friend Orin Vale got 83, so clearly the strategy matters more than the content.",exam_too_hard|fairness_issue,mid,,Orin Vale,,68.0,83.0,,,,,,,,,,,,feedback_1.csv,p000022
23,section_time_place,2025Fall,SYN-101,Introduction to Medieval Widgets,Arielle M. Rune,"SYN-101 Section M5 meets Fri 10:00–12:30 in Lantern Room 2. Fun lectures, but the slides are incomplete so you end up scrambling to write everything down.",slides_incomplete|materials_poor,mid,,,,,,,,,,Section M5,Fri 10:00–12:30,Lantern Room 2,,,,,feedback_1.csv,p000023
24,student_id,2025Spring,MG150,Principles of Management,Anika Verma,"As student 20259044, I felt like the project grading was kind of inconsistent between groups. Lectures were fine but the expectations for the deliverables weren’t clear until the last minute.",fairness_issue|assignment_unclear,mid,,,,,,20259044.0,,,,,,,,,,,feedback_1.csv,p000024
25,dorm_room,2026Spring,UG400,Environmental Statistics,Luca Moretti,"UG400 is a lot of math for an “applied” class. I’m in Stonebridge Dorm, room 9E, and the homework sets are long with not enough worked examples. The TA hours were packed so getting help was rough.",difficulty_high|workload_heavy|ta_support_poor,mid,,,,,,,,,,,,,Stonebridge Dorm,room 9E,,,feedback_1.csv,p000025
26,combo_self_and_other_scores,2025Winter,TH-330,Applied Thermodynamics,Elijah K. Sorn,"The pace is honestly too fast once the cycles start. I got 69 on the midterm, and my project teammate Dax Lorne got 54, so we’re both scrambling for the final.",pace_too_fast|exam_too_hard,mid,,Dax Lorne,,69.0,54.0,,,,,,,,,,,,feedback_1.csv,p000026
27,name_only,2026Spring,UG400,Environmental Statistics,Luca Moretti,"I liked the examples, but the slides were missing steps so I kept getting lost. Nina Rojas had to re-explain the workflows to me after class.",slides_incomplete|teaching_unclear,mid,,Nina Rojas,,,,,,,,,,,,,,,feedback_1.csv,p000027
28,combo_unique_plus_location,2026Spring,ED410,Curriculum Theory Seminar,Owen Li,"ED410 Section S2 meets 11:00–12:15 in Seminar Room D-07. I was the only one whose final paper got auto-anonymized into a blank title page because my filename started with an emoji, and it looked like I uploaded the wrong file. Discussion is good but expectations for writing are super unclear.",assignment_unclear|teaching_unclear,mid,,,,,,,,,,Section S2,11:00–12:15,Seminar Room D-07,,,"I was the only one whose final paper got auto-anonymized into a blank title page because my filename started with an emoji, and it looked like I uploaded the wrong file.",,feedback_1.csv,p000028
29,name_only,2025Fall,QP-420,Advanced Quantum Plumbing,Dr. Horace Pent,"Workload is kinda nuts for what it is, and the homework prompts are super vague. Theo Park and I wasted hours just figuring out what to submit.",workload_heavy|assignment_unclear,mid,,Theo Park,,,,,,,,,,,,,,,feedback_1.csv,p000029
30,combo_scores_plus_location,2025Fall,WM-101,World Mythologies,Sofia D. Laurent,"The lectures are interesting but the slides are weirdly incomplete, so notes are mandatory. I got 81 on the essay, and my classmate Dorian Quill got 92. Section B2 is Wed 11:00 in Room Atlas-33.",slides_incomplete|teaching_unclear,mid,,Dorian Quill,,81.0,92.0,,,,,Section B2,Wed 11:00,Room Atlas-33,,,,,feedback_1.csv,p000030
31,dorm_room,2024Fall,CS420,Systems Programming II,Hiro Tanek,"CS420 moves at warp speed and I’m always behind. I’m writing this from Juniper House, dorm room 12A, and I’m still debugging project stuff at 2am. The lectures didn’t always connect to what we had to build.",pace_too_fast|difficulty_high|teaching_unclear,mid,,,,,,,,,,,,,Juniper House,dorm room 12A,,,feedback_1.csv,p000031
32,dorm_room,2025Winter,EC410,Global Markets and Policy,Rafael Orme,"EC410 has interesting topics but the exams felt way harder than the slides. I’m in Birch Tower, dorm room 4D, and I still can’t tell what he wants in the essay responses. The pacing is all over the place.",exam_too_hard|slides_incomplete|teaching_unclear,mid,,,,,,,,,,,,,Birch Tower,dorm room 4D,,,feedback_1.csv,p000032
33,both_score_and_name,2025Fall,SYN-101,Introduction to Medieval Widgets,Arielle M. Rune,"I finished with 91, but the workload was sneakily heavy with all the little assignments. Rowan Pellt kept reminding everyone to ""just start earlier"" which was not helpful.",workload_heavy,mid,,Rowan Pellt,,91.0,,,,,,,,,,,,,feedback_1.csv,p000033
34,name_only,2026Spring,SM102,Quantum Foundations,Ibrahim Noor,Cool topics but the grading felt kind of random. Arjun Velez and I compared notes and couldn’t tell what the staff actually wanted.,fairness_issue|grading_harsh,mid,,Arjun Velez,,,,,,,,,,,,,,,feedback_1.csv,p000034
35,dorm_room,2026Spring,ED410,Curriculum Theory Seminar,Owen Li,"ED410 discussions can be interesting but it’s super unclear how the papers are graded. I’m in Harbor Hall, dorm room 2F, and I feel like the feedback is too vague to improve. Also the reading load is heavy for a seminar.",grading_harsh|teaching_unclear|workload_heavy,mid,,,,,,,,,,,,,Harbor Hall,dorm room 2F,,,feedback_1.csv,p000035
36,score_only,2025Fall,UG301,Advanced Algorithms,Rina Kovac,Got 56. Homework took forever and still didn’t match what the exam asked.,workload_heavy|exam_too_hard|fairness_issue,mid,,,,56.0,,,,,,,,,,,,,feedback_1.csv,p000036
37,section_time_place,2025Fall,UG301,Advanced Algorithms,Rina Kovac,UG301 Section A2 meets Tue/Thu 09:30–10:45 in Clocktower Hall 214. The pace is brutal and I feel like the homework assumes you already know half the tricks.,pace_too_fast|workload_heavy|difficulty_high,mid,,,,,,,,,,Section A2,Tue/Thu 09:30–10:45,Clocktower Hall 214,,,,,feedback_1.csv,p000037
38,combo_scores_plus_location,2025Fall,CF-210,Computational Folklore,Maya R. Brant,"Love the topic but the grading feels picky on tiny formatting stuff. I got 74 on Project 1, while Tessa Miro got 88 with basically the same idea. Section D4 at Thu 16:00 in Studio Lantern-12 needs clearer rubrics.",grading_harsh|fairness_issue|assignment_unclear,mid,,Tessa Miro,,74.0,88.0,,,,,Section D4,Thu 16:00,Studio Lantern-12,,,,,feedback_1.csv,p000038
39,combo_unique_plus_location,2025Fall,CMP101X,Introduction to Programming Concepts,Amena Parkash,"CMP101X Section B2 at 10:30–11:45 in Room L3-214 was kinda rough. On Lab 3, I was the only one whose autograder screenshot showed a score of -1 due to a hidden test overflow. Please slow down a bit when switching from loops to functions.",pace_too_fast|difficulty_high|fairness_issue,mid,,,,,,,,,,Section B2,10:30–11:45,Room L3-214,,,I was the only one whose autograder screenshot showed a score of -1 due to a hidden test overflow.,,feedback_1.csv,p000039
40,combo_self_and_other_scores,2025Fall,UGF201,Abstract Algebra I,Tamsin Qori,"Homework takes forever and the jump in difficulty is wild. I got 56 on the midterm and my friend Remy Voss got 42, so the grading felt harsh.",workload_heavy|difficulty_high|grading_harsh,mid,,Remy Voss,,56.0,42.0,,,,,,,,,,,,feedback_1.csv,p000040
41,unique_event,2026Winter,MG409,Quantitative Finance,R. K. Omondi,"Problem sets are long and grading feels harsh for tiny algebra slips. On PS3, my calculator screenshot had the date overlay covering the minus sign, and I was the only one marked wrong for a ""positive variance"" that I never wrote.",workload_heavy|grading_harsh|fairness_issue,mid,,,,,,,,,,,,,,,"my calculator screenshot had the date overlay covering the minus sign, and I was the only one marked wrong for a ""positive variance"" that I never wrote",,feedback_1.csv,p000041
42,student_id,2025Fall,SYN-101,Introduction to Medieval Widgets,Arielle M. Rune,"This is student 20257736. Quizzes were fine but the lecture slides were missing key details, so studying was a mess. Also the assignments ramped up fast.",slides_incomplete|materials_poor|workload_heavy,mid,,,,,,20257736.0,,,,,,,,,,,feedback_1.csv,p000042
43,section_time_place,2025Fall,UGF201,Abstract Algebra I,Tamsin Qori,UGF201 Section B1 meets Tue/Thu 14:00–15:15 in Maple Lecture 303. The lectures jump between definitions super fast and I’m constantly lost by the next proof.,teaching_unclear|pace_too_fast|difficulty_high,mid,,,,,,,,,,Section B1,Tue/Thu 14:00–15:15,Maple Lecture 303,,,,,feedback_1.csv,p000043
44,combo_self_and_other_scores,2025Winter,TH-330,Applied Thermodynamics,Elijah K. Sorn,"Labs are fine but the writeups are confusing and feel inconsistent. I got 76 on Lab 3, and my classmate Bren Ilya got 63 even after rechecking everything.",assignment_unclear|fairness_issue,mid,,Bren Ilya,,76.0,63.0,,,,,,,,,,,,feedback_1.csv,p000044
45,unique_event,2025Fall,UG301,Advanced Algorithms,Rina Kovac,"Homework was brutal and the rubric felt vague. On HW2, my PDF got flagged because I used the wrong header template and it auto-renamed every page to ""page_0"", so the grader thought it was corrupted.",workload_heavy|assignment_unclear|fairness_issue,mid,,,,,,,,,,,,,,,"my PDF got flagged because I used the wrong header template and it auto-renamed every page to ""page_0""",,feedback_1.csv,p000045
46,student_id,2026Spring,ED410,Curriculum Theory Seminar,Owen Li,"Student 20262350 here. Readings were dense and discussions wandered, so it was hard to tell what mattered for the papers. Slides were basically nonexistent, which didn’t help.",teaching_unclear|materials_poor|slides_incomplete,mid,,,,,,20262350.0,,,,,,,,,,,feedback_1.csv,p000046
47,section_time_place,2025Fall,UG301,Advanced Algorithms,Rina Kovac,UG301 Section A1 meets Mon/Wed 12:00–13:15 in Keystone Center 411. The TA help hours aren’t super helpful and the homework feedback is basically one-line comments.,ta_support_poor|materials_poor,mid,,,,,,,,,,Section A1,Mon/Wed 12:00–13:15,Keystone Center 411,,,,,feedback_1.csv,p000047
48,score_only,2025Winter,TH-330,Applied Thermodynamics,Elijah K. Sorn,Ended with 69. Labs were okay but the midterm was nasty and moved way too fast.,exam_too_hard|pace_too_fast|difficulty_high,mid,,,,69.0,,,,,,,,,,,,,feedback_1.csv,p000048
49,section_time_place,2025Fall,CMP101X,Introduction to Programming Concepts,Amena Parkash,CMP101X Section L3 is Mon/Wed/Fri 11:00–11:50 in Redwood Lab 1. Labs are okay but the instructions are weirdly vague and you waste time guessing what they want.,assignment_unclear|slides_incomplete,mid,,,,,,,,,,Section L3,Mon/Wed/Fri 11:00–11:50,Redwood Lab 1,,,,,feedback_1.csv,p000049
50,unique_event,2026Spring,UG210,Microeconomics,Tomas Edrich,"I wish the teaching was clearer because the slides skip key steps. On the final, I was the only one whose answer sheet got printed with the graph axes missing, so my supply/demand diagram looked like random lines.",teaching_unclear|slides_incomplete|fairness_issue,mid,,,,,,,,,,,,,,,I was the only one whose answer sheet got printed with the graph axes missing,,feedback_1.csv,p000050
51,name_only,2025Spring,MG150,Principles of Management,Anika Verma,"The projects were fine, but the TA feedback was basically one-liners and didn’t help. Keira Salim agreed it felt like we were doing revisions blindly.",ta_support_poor|materials_poor,mid,,Keira Salim,,,,,,,,,,,,,,,feedback_1.csv,p000051
52,social_handle,2025Fall,PH301,Statistical Mechanics,Zoe Park,"PH301 was brutal this term. I kept rewatching the lectures and still felt lost on the derivations. If you’re taking it, DM me on @phase_space_pal.",difficulty_high|teaching_unclear|pace_too_fast,mid,,,,,,,,,@phase_space_pal,,,,,,,,feedback_1.csv,p000052
53,email,2024Spring,PH330,Quantum Concepts,Anika Voss,Problem sets were brutal and the solutions posted later didn’t really explain the steps. I liked the topic but the pace was too fast—happy to swap notes at mia.kwon26@example.edu.,difficulty_high|materials_poor|pace_too_fast,mid,,,,,,,mia.kwon26@example.edu,,,,,,,,,,feedback_1.csv,p000053
54,section_time_place,2025Summer,PS330,Research Methods,Elena Rossi,PS330 Section S1 meets Mon/Wed 13:10–14:40 in Harbor Building 120. The workload is nonstop for a summer class and the assignment prompts are way too open-ended.,workload_heavy|assignment_unclear,mid,,,,,,,,,,Section S1,Mon/Wed 13:10–14:40,Harbor Building 120,,,,,feedback_1.csv,p000054
55,score_only,2024Fall,CS420,Systems Programming II,Hiro Tanek,Finished with 51. Projects were brutal and the instructions were kind of a mess.,workload_heavy|assignment_unclear|difficulty_high,mid,,,,51.0,,,,,,,,,,,,,feedback_1.csv,p000055
56,combo_self_and_other_scores,2025Spring,GS510,Advanced Research Seminar,Priya Len,"Feedback is vague and it’s hard to know what “good enough” looks like. I got 59 on the paper draft, while my cohort mate Nia Carrow got 46, so the bar feels really high.",teaching_unclear|grading_harsh,mid,,Nia Carrow,,59.0,46.0,,,,,,,,,,,,feedback_1.csv,p000056
57,student_id,2026Summer,HS205,Global Health Policy,Diego Alvarez,Student ID 20266802. The topics are cool but the readings feel outdated and sometimes don’t match what we talk about in class. Essays take forever because the prompts are fuzzy.,content_outdated|assignment_unclear|workload_heavy,mid,,,,,,20266802.0,,,,,,,,,,,feedback_1.csv,p000057
58,section_time_place,2026Fall,PH230,Electrodynamics,Helga Brenn,PH230 Section D4 is Tue/Thu 16:20–17:35 in Vector Hall 50. Problem sets are long and the midterm-style questions feel way harder than what we do in class.,workload_heavy|exam_too_hard|difficulty_high,mid,,,,,,,,,,Section D4,Tue/Thu 16:20–17:35,Vector Hall 50,,,,,feedback_1.csv,p000058
59,combo_self_and_other_scores,2026Fall,PH230,Electrodynamics,Helga Brenn,"Homework is long and the TA hours weren’t that helpful. I got 64 on the midterm and my lab partner Evie Sol got 49, so we’re both worried about passing.",workload_heavy|ta_support_poor|difficulty_high,mid,,Evie Sol,,64.0,49.0,,,,,,,,,,,,feedback_1.csv,p000059
60,email,2026Fall,PH230,Electrodynamics,Helga Brenn,"Homework took forever and the midterm felt way harder than what we practiced. If there’s a better set of practice problems, please share at samir.dalal28@example.edu.",workload_heavy|exam_too_hard|materials_poor,mid,,,,,,,samir.dalal28@example.edu,,,,,,,,,,feedback_1.csv,p000060
61,student_id,2025Fall,ENG404T,Advanced Technical Writing,Sera Holcomb,"I’m student 20251208 and the portfolio guidelines kept changing week to week. Feedback was super vague, so revisions felt like guessing. Workload was heavier than I expected for a writing class.",assignment_unclear|teaching_unclear|workload_heavy,mid,,,,,,20251208.0,,,,,,,,,,,feedback_1.csv,p000061
62,combo_unique_plus_location,2025Fall,ART101X,Introduction to Pottery,Marlo Finch,ART101X Section P3 at 09:00–10:20 in Studio K-12 is fun but the instructions jump around. I was the only one whose final mug got quarantined because the glaze label fell off and it got fired in the wrong cone batch. Kinda frustrated because it changed the whole look.,assignment_unclear|materials_poor,mid,,,,,,,,,,Section P3,09:00–10:20,Studio K-12,,,I was the only one whose final mug got quarantined because the glaze label fell off and it got fired in the wrong cone batch.,,feedback_1.csv,p000062
63,none,2025Summer,PS330,Research Methods,Elena Rossi,"The instructions for the research paper kept changing and it was frustrating to plan ahead. Assignments weren’t horrible, but the expectations felt unclear.",assignment_unclear|fairness_issue,mid,,,,,,,,,,,,,,,,,feedback_1.csv,p000063
64,dorm_room,2025Fall,BIO220L,Molecular Biology Lab,Junia Calder,"BIO220L lab reports are brutal for how little guidance we get. I’m in Maple Court, room 7C, and I basically rewrite the whole thing every week after feedback. The rubric feels kinda unpredictable.",workload_heavy|assignment_unclear|fairness_issue,mid,,,,,,,,,,,,,Maple Court,room 7C,,,feedback_1.csv,p000064
65,combo_scores_plus_location,2025Fall,CMP101X,Introduction to Programming Concepts,Amena Parkash,"CMP101X is kinda brutal if you fall behind. I got 68 on the midterm, but my friend Juno Vale got 84. Section C2 at Tue 14:30 in Room Nova-204 feels rushed every week.",pace_too_fast|difficulty_high|teaching_unclear,mid,,Juno Vale,,68.0,84.0,,,,,Section C2,Tue 14:30,Room Nova-204,,,,,feedback_1.csv,p000065
66,combo_scores_plus_location,2025Fall,ART101X,Introduction to Pottery,Marlo Finch,"Pottery is relaxing but the project instructions are super vague and then you get docked for it. I got 87 on Project 2, but my friend Kian Leto got 95. Section P3 at Tue 18:00 in Kiln Lab Ember-2 is packed.",assignment_unclear|grading_harsh|workload_heavy,mid,,Kian Leto,,87.0,95.0,,,,,Section P3,Tue 18:00,Kiln Lab Ember-2,,,,,feedback_1.csv,p000066
67,section_time_place,2025Fall,CF-210,Computational Folklore,Maya R. Brant,"CF-210 Section C2 is Wed 18:00–20:50 in Dusk Auditorium 7. Cool topic, but grading feels kind of arbitrary across projects and the rubric keeps changing.",fairness_issue|grading_harsh,mid,,,,,,,,,,Section C2,Wed 18:00–20:50,Dusk Auditorium 7,,,,,feedback_1.csv,p000067
68,email,2025Fall,CMP101X,Introduction to Programming Concepts,Amena Parkash,"The labs were fine but lectures jumped around and I couldn’t tell what would be on the exams. If anyone has a clean study checklist, send it to ren.iyer25@example.edu.",teaching_unclear|pace_too_fast|exam_too_hard,mid,,,,,,,ren.iyer25@example.edu,,,,,,,,,,feedback_1.csv,p000068
69,score_only,2025Fall,PH301,Statistical Mechanics,Zoe Park,I got 58 and it stings. The slides felt incomplete so I was constantly chasing the textbook.,slides_incomplete|materials_poor|difficulty_high,mid,,,,58.0,,,,,,,,,,,,,feedback_1.csv,p000069
70,student_id,2026Spring,UG210,Microeconomics,Tomas Edrich,"Student ID 20260173. The pace was way too fast once we hit game theory, and the homework didn’t match the examples from lecture. I spent hours and still felt unprepared.",pace_too_fast|assignment_unclear|difficulty_high,mid,,,,,,20260173.0,,,,,,,,,,,feedback_1.csv,p000070
71,both_score_and_name,2025Fall,WM-101,World Mythologies,Sofia D. Laurent,"I ended with 78 and honestly the essay prompts were kinda vague. Keira Naldin kept saying it was ""obvious"" but I never felt sure what they wanted.",assignment_unclear|grading_harsh,mid,,Keira Naldin,,78.0,,,,,,,,,,,,,feedback_1.csv,p000071
72,accommodation,2025Fall,UG310,Introductory Creativity Workshop,Amira Sol,Projects are fun but the pacing is kind of brutal. I asked for extended time on in-class critiques and it took a while to get acknowledged. Accommodation request: extended time on in-class critiques.,pace_too_fast|fairness_issue,mid,,,,,,,,,,,,,,,,Accommodation request: extended time on in-class critiques.,feedback_1.csv,p000072
73,dorm_room,2025Fall,CMP101X,Introduction to Programming Concepts,Amena Parkash,"CMP101X is honestly a grind. I’m in Cedar Hall, room 3B, and the labs take way longer than the examples make it seem. Grading felt picky on tiny mistakes.",workload_heavy|grading_harsh|assignment_unclear,mid,,,,,,,,,,,,,Cedar Hall,room 3B,,,feedback_1.csv,p000073
74,phone,2025Fall,CF-210,Computational Folklore,Maya R. Brant,"Fun topic, but the project instructions were kinda vague and the slides felt incomplete. If anyone has a clean checklist for the final project, text +1-555-0134.",assignment_unclear|slides_incomplete,mid,,,,,,,,+1-555-0134,,,,,,,,,feedback_1.csv,p000074
75,section_time_place,2025Fall,CMP101X,Introduction to Programming Concepts,Amena Parkash,"CMP101X Section L7 is Tue/Thu 08:00–09:15 in Pixel Classroom 105. I can’t make half the office hours because they overlap my other lab, so keeping up has been rough.",schedule_conflict|pace_too_fast,mid,,,,,,,,,,Section L7,Tue/Thu 08:00–09:15,Pixel Classroom 105,,,,,feedback_1.csv,p000075
76,combo_unique_plus_location,2025Fall,BIO220L,Molecular Biology Lab,Junia Calder,"BIO220L Section L1 meets 14:00–16:50 in Lab C-018 and the workload is intense. During the gel imaging checkoff, I was the only one whose TIFF exported as pure black even though the gel was visible on the screen. Grading felt harsh for something that seemed like a software glitch.",workload_heavy|grading_harsh|fairness_issue,mid,,,,,,,,,,Section L1,14:00–16:50,Lab C-018,,,I was the only one whose TIFF exported as pure black even though the gel was visible on the screen.,,feedback_1.csv,p000076
77,combo_scores_plus_location,2026Spring,GR501,Advanced Thermodynamics,Linnea Vorenk,"GR501 is straight-up intense and the problem sets eat your weekend. I got 41 on the midterm, and my teammate Mira Solen got 58. Section G1 meets Thu 09:30 in Lab Polaris-410 and the pace is wild.",difficulty_high|workload_heavy|pace_too_fast,mid,,Mira Solen,,41.0,58.0,,,,,Section G1,Thu 09:30,Lab Polaris-410,,,,,feedback_1.csv,p000077
78,email,2025Fall,UGF201,Abstract Algebra I,Tamsin Qori,"I spent way too many nights stuck on the proofs and the grading felt kind of unforgiving. If you have tips/resources, email me at jules.hart27@example.edu.",difficulty_high|grading_harsh|workload_heavy,mid,,,,,,,jules.hart27@example.edu,,,,,,,,,,feedback_1.csv,p000078
79,score_only,2024Fall,CS420,Systems Programming II,Hiro Tanek,Scored 47. The grading felt harsh and feedback came back too late to help on the next project.,grading_harsh|fairness_issue|workload_heavy,mid,,,,47.0,,,,,,,,,,,,,feedback_1.csv,p000079
80,email,2026Spring,LB220,Elementary Persian I,Omid Farrokh,"Fun class, but we moved fast and I got lost between alphabet drills and speaking practice. If anyone has a good daily routine for catching up, ping me at nina.cho23@example.edu.",pace_too_fast|workload_heavy,mid,,,,,,,nina.cho23@example.edu,,,,,,,,,,feedback_1.csv,p000080
81,unique_event,2025Fall,QMX350,Quantum Mechanics II,Levon Mirek,"Pace is way too fast and the exams feel like a different class. In the midterm, I was the only one whose scan uploaded upside-down and got auto-cropped so half of Q2 disappeared.",pace_too_fast|exam_too_hard|fairness_issue,mid,,,,,,,,,,,,,,,I was the only one whose scan uploaded upside-down and got auto-cropped so half of Q2 disappeared,,feedback_1.csv,p000081
82,combo_unique_plus_location,2026Spring,LB102,Creative Writing Workshop,Sana Kadir,LB102 Section W1 is 13:30–14:45 in Workshop Loft E-2 and the vibes are mostly good. I was the only one asked to re-read my piece because the printer duplicated every line twice and everyone thought it was a deliberate style choice. Would love clearer logistics for in-class handouts.,materials_poor|teaching_unclear,mid,,,,,,,,,,Section W1,13:30–14:45,Workshop Loft E-2,,,I was the only one asked to re-read my piece because the printer duplicated every line twice and everyone thought it was a deliberate style choice.,,feedback_1.csv,p000082
83,email,2026Spring,UG301,Introductory Robotics,Marin Osei,"The labs were cool but the assignments were worded in a confusing way and the autograder felt inconsistent. If you figured out what they *actually* want, email leo.martin29@example.edu.",assignment_unclear|fairness_issue|ta_support_poor,mid,,,,,,,leo.martin29@example.edu,,,,,,,,,,feedback_1.csv,p000083
84,unique_event,2026Summer,PSY-X12,Introduction to Dream Interpretation,Noam L. Berri,"Fun topic but the essay prompts are weirdly specific and hard to interpret. For Essay 1, I was the only one whose submission converted all my em dashes into question marks, so my quotes looked ""garbled"" and got flagged for readability.",assignment_unclear|grading_harsh,mid,,,,,,,,,,,,,,,I was the only one whose submission converted all my em dashes into question marks,,feedback_1.csv,p000084
85,combo_self_and_other_scores,2026Spring,SM102,Quantum Foundations,Ibrahim Noor,"Problem sets are brutal and the solutions posted later don’t explain the jumps. I got 47 on PS2, and my study buddy Talia Wren got 64, so I clearly missed some core idea.",difficulty_high|materials_poor,mid,,Talia Wren,,47.0,64.0,,,,,,,,,,,,feedback_1.csv,p000085
86,phone,2025Fall,UG301,Introduction to Cultural Studies,Marin Orel,"Lectures were interesting but the final was way more specific than the study guide made it sound. If you have good notes from week 9, call +1-555-0119.",exam_too_hard|materials_poor,mid,,,,,,,,+1-555-0119,,,,,,,,,feedback_1.csv,p000086
87,combo_self_and_other_scores,2025Fall,PSY150X,Cognitive Psychology,Mika Ren,"Quizzes felt way harder than lecture examples. I got 74, but my lab partner Juno Kale got 61, so it wasn’t just me struggling.",exam_too_hard|teaching_unclear,mid,,Juno Kale,,74.0,61.0,,,,,,,,,,,,feedback_1.csv,p000087
88,combo_self_and_other_scores,2025Summer,BI214,Cell Physiology Lab,Nora G. Patel,"The lab manual is kind of messy and we waste time figuring out steps. I got 81 on the quiz, but my friend Paige Noll got 66, so it’s easy to miss tiny details.",materials_poor|pace_too_fast,mid,,Paige Noll,,81.0,66.0,,,,,,,,,,,,feedback_1.csv,p000088
89,phone,2025Winter,TH-330,Applied Thermodynamics,Elijah K. Sorn,Labs were cool but the pace was brutal and the homework took forever. I’m still confused on the last cycle problem set—+1-555-0126 if you want to compare approaches.,pace_too_fast|workload_heavy|difficulty_high,mid,,,,,,,,+1-555-0126,,,,,,,,,feedback_1.csv,p000089
90,unique_event,2025Summer,BI214,Cell Physiology Lab,Nora G. Patel,"Labs are interesting but the writeups take forever. During the enzyme lab, I was the only student whose microplate map printed with the columns swapped, so my data looked ""impossible"" until we found the printer bug.",workload_heavy|fairness_issue,mid,,,,,,,,,,,,,,,"I was the only student whose microplate map printed with the columns swapped, so my data looked ""impossible"" until we found the printer bug",,feedback_1.csv,p000090
91,combo_unique_plus_location,2026Spring,RS-799,Independent Study: Recursive Songwriting,K. O. Thales,"RS-799 Section I1 at 18:00–19:10 in Pod J-9 is interesting but super confusing week to week. I was the only one whose portfolio link got rejected because the system thought my chord chart was “executable code” after I used backticks in the lyrics. The feedback loop is cool, just wish the requirements were clearer.",assignment_unclear|materials_poor|teaching_unclear,mid,,,,,,,,,,Section I1,18:00–19:10,Pod J-9,,,I was the only one whose portfolio link got rejected because the system thought my chord chart was “executable code” after I used backticks in the lyrics.,,feedback_1.csv,p000091
92,social_handle,2025Summer,PS330,Research Methods,Elena Rossi,PS330 has a ton of writing for a summer class and the assignment prompts feel vague until the last minute. I liked the topic choices but the workload is no joke. Notes thread: @methods_mess.,workload_heavy|assignment_unclear|pace_too_fast,mid,,,,,,,,,@methods_mess,,,,,,,,feedback_1.csv,p000092
93,combo_unique_plus_location,2026Spring,UG210,Microeconomics,Tomas Edrich,"UG210 Section M4 is 16:10–17:25 in Hall R-204 and the exams are no joke. I was the only one whose midterm packet was missing page 3 with the entire game theory question, so I had to answer from a photo on the projector. Felt unfair even though they tried to fix it.",exam_too_hard|fairness_issue|grading_harsh,mid,,,,,,,,,,Section M4,16:10–17:25,Hall R-204,,,"I was the only one whose midterm packet was missing page 3 with the entire game theory question, so I had to answer from a photo on the projector.",,feedback_1.csv,p000093
94,accommodation,2026Spring,LB220,Elementary Persian I,Omid Farrokh,"Love the vibe, but participation grading stresses me out and moves super fast. Accommodation note: permission to record lectures for review.",pace_too_fast|grading_harsh,mid,,,,,,,,,,,,,,,,Accommodation note: permission to record lectures for review.,feedback_1.csv,p000094
95,combo_self_and_other_scores,2025Summer,BI214,Cell Physiology Lab,Nora G. Patel,"Lab reports are super picky and the rubric feels like a moving target. I got 88 on the first report, while my classmate Sera Minh got 73 even though we followed the same template.",grading_harsh|assignment_unclear,mid,,Sera Minh,,88.0,73.0,,,,,,,,,,,,feedback_1.csv,p000095
96,combo_scores_plus_location,2025Fall,MT201,Foundations of Calculus,Evan Kaito,"MT201 homework takes forever and the exam questions don’t match the practice set vibe. I got 59 on Quiz 2, and my study buddy Rowan Pike got 73. Section A1 meets Mon 09:00 in Hall Zephyr-118 and it’s always a sprint.",workload_heavy|exam_too_hard|assignment_unclear,mid,,Rowan Pike,,59.0,73.0,,,,,Section A1,Mon 09:00,Hall Zephyr-118,,,,,feedback_1.csv,p000096
97,both_score_and_name,2025Spring,CS220,Databases and Applications,Liam Crest,"Ended at 62 and the project grading felt super harsh for tiny mistakes. Mira Veylan said the rubric was clear, but the requirements changed between checkpoints.",grading_harsh|fairness_issue,mid,,Mira Veylan,,62.0,,,,,,,,,,,,,feedback_1.csv,p000097
98,score_only,2026Spring,UG275,Software Engineering Practices,Evan Kest,I got 62. Team project was chaotic and TA help was kinda inconsistent when we were blocked.,fairness_issue|ta_support_poor|workload_heavy,mid,,,,62.0,,,,,,,,,,,,,feedback_1.csv,p000098
99,none,2025Fall,UG301,Advanced Algorithms,Rina Kovac,This class is intense and moves way too fast. Homeworks took forever and the exams felt like a different course.,difficulty_high|pace_too_fast|exam_too_hard,mid,,,,,,,,,,,,,,,,,feedback_1.csv,p000099
100,combo_self_and_other_scores,2025Fall,UG301,Introduction to Cultural Studies,Marin Orel,"Not hard, just kinda messy. I got 92 in the end, while my roommate Sora Venn got 84 and kept complaining the final rubric was unclear. Slides were missing stuff we got quizzed on.",slides_incomplete|assignment_unclear|teaching_unclear,mid,,Sora Venn,,92.0,84.0,,,,,,,,,,,,feedback_2.csv,p000000
101,both_score_and_name,2026Summer,AL-502,Algebraic Palindromes,Renata F. Qiu,"Got a 55 and I’m kinda annoyed because the grading felt super picky on proofs. Mira Haldane said the feedback was vague, like “tighten argument” with no specifics.",grading_harsh|assignment_unclear,mid,,Mira Haldane,,55.0,,,,,,,,,,,,,feedback_2.csv,p000001
102,combo_self_and_other_scores,2025Fall,UG301,Introduction to Cultural Studies,Marin Orel,"Quizzes were oddly specific and the slides didn’t match the lecture sometimes. I got 86, and my friend Dana Klee got 90 even though we used the same notes, so who knows. Overall okay but disorganized.",slides_incomplete|materials_poor|teaching_unclear,mid,,Dana Klee,,86.0,90.0,,,,,,,,,,,,feedback_2.csv,p000002
103,dorm_room,2025Spring,CS220,Databases and Applications,Liam Crest,"Grinding in Cedar Court, room 203 and the project specs keep changing. Liam Crest explains concepts fine, but the slides are missing key steps so debugging becomes a mess.",slides_incomplete|assignment_unclear|materials_poor,mid,,,Liam Crest,,,,,,,,,,Cedar Court,room 203,,,feedback_2.csv,p000003
104,name_only,2026Spring,UG301,Introductory Robotics,Marin Osei,"Labs were cool but the pace got way too fast after week 3, and the instructions weren’t super clear. Mia Kendrick and I spent hours just debugging the autograder.",pace_too_fast|assignment_unclear|teaching_unclear,mid,,Mia Kendrick,,,,,,,,,,,,,,,feedback_2.csv,p000004
105,student_id,2025Fall,BIO220L,Molecular Biology Lab,Junia Calder,"BIO220L labs are intense and the reports eat up my whole week. Student 20259012 here—rubrics feel inconsistent between weeks, so it’s stressful.",workload_heavy|fairness_issue|grading_harsh,mid,,,,,,20259012.0,,,,,,,,,,,feedback_2.csv,p000005
106,unique_event,2026Spring,UG330,Database Systems,Nia Havel,"Projects are cool but the pace ramps up fast and I kept getting stuck on edge cases. Unique incident: ""My autograder run was the only one that crashed because my ZIP had a hidden __MACOSX folder, so it showed 0 tests."" TA support was hit-or-miss that week.",pace_too_fast|workload_heavy|ta_support_poor,mid,,,,,,,,,,,,,,,"My autograder run was the only one that crashed because my ZIP had a hidden __MACOSX folder, so it showed 0 tests.",,feedback_2.csv,p000006
107,combo_scores_plus_location,2026Spring,SM102,Quantum Foundations,Ibrahim Noor,"SM102 is fascinating but I feel lost most weeks. I got 48 on Problem Set 2, and my classmate Juno Merrick got 57, so I'm not alone. Section R2 is 9:40 AM in Room P-118 and the explanations jump around.",difficulty_high|teaching_unclear|assignment_unclear,mid,,Juno Merrick,,48.0,57.0,,,,,Section R2,9:40 AM,Room P-118,,,,,feedback_2.csv,p000007
108,email,2026Spring,GR501,Advanced Thermodynamics,Linnea Vorenk,"Linnea Vorenk knows the material, but the pace is wild and the problem sets are a week-long saga. TA help was basically nonexistent when I got stuck. If you formed a study group, invite me: rory.singh26@example.edu.",pace_too_fast|workload_heavy|ta_support_poor,mid,,,Linnea Vorenk,,,,rory.singh26@example.edu,,,,,,,,,,feedback_2.csv,p000008
109,combo_self_and_other_scores,2026Summer,HS205,Global Health Policy,Diego Alvarez,"Readings were heavy and the essay prompts were vague. I got 81 overall, but my discussion buddy Theo Marr got 69 and felt the feedback didn't explain the point deductions. Interesting topics though.",workload_heavy|assignment_unclear|grading_harsh,mid,,Theo Marr,,81.0,69.0,,,,,,,,,,,,feedback_2.csv,p000009
110,email,2025Fall,QMX350,Quantum Mechanics II,Levon Mirek,"This class is brutal and the problem sets take forever. The midterm felt way harder than the practice set. If you have tips, email me at nova.reyes25@example.edu.",difficulty_high|workload_heavy|exam_too_hard,mid,,,,,,,nova.reyes25@example.edu,,,,,,,,,,feedback_2.csv,p000010
111,unique_event,2026Spring,UG498,Quantum Algorithms,Rafael Miron,"Interesting but super abstract, and lectures jumped steps a lot. Unique incident: ""During the midterm, I was the only one handed a version where Q4 had two different notations for the same operator, and I lost time clarifying."" Overall felt unfairly hard for the time limit.",difficulty_high|teaching_unclear|fairness_issue,mid,,,,,,,,,,,,,,,"During the midterm, I was the only one handed a version where Q4 had two different notations for the same operator, and I lost time clarifying.",,feedback_2.csv,p000011
112,section_time_place,2025Winter,EC410,Global Markets and Policy,Rafael Orme,"The midterm review for EC410 didn’t match what showed up on the test, which was frustrating. Section P is 12:20–13:35 Tue/Thu in Lecture Room B-16.",exam_too_hard|teaching_unclear,mid,,,,,,,,,,Section P,12:20–13:35 Tue/Thu,Lecture Room B-16,,,,,feedback_2.csv,p000012
113,student_id,2025Winter,EC410,Global Markets and Policy,Rafael Orme,EC410 readings are nonstop and the pacing is wild. I’m 20259840 and I honestly can’t tell what we’re supposed to focus on for the final.,workload_heavy|pace_too_fast|teaching_unclear,mid,,,,,,20259840.0,,,,,,,,,,,feedback_2.csv,p000013
114,combo_self_and_other_scores,2026Spring,RS-799,Independent Study: Recursive Songwriting,K. O. Thales,"Cool idea, but the expectations were super unclear for an independent study. I got 58 on the portfolio review, and my collaborator Mira Quell got 72 with basically the same process. Feedback was cryptic.",assignment_unclear|teaching_unclear|fairness_issue,mid,,Mira Quell,,58.0,72.0,,,,,,,,,,,,feedback_2.csv,p000014
115,unique_event,2025Fall,UG301,Advanced Algorithms,Rina Kovac,"Course is kinda brutal and the midterm felt way harder than the practice set. Unique incident: ""I was the only one whose answer sheet printed with Q2 missing, so I had to handwrite it on the back."" Grading felt harsh even though I explained my steps.",difficulty_high|exam_too_hard|grading_harsh,mid,,,,,,,,,,,,,,,"I was the only one whose answer sheet printed with Q2 missing, so I had to handwrite it on the back.",,feedback_2.csv,p000015
116,none,2025Winter,TH-330,Applied Thermodynamics,Elijah K. Sorn,Labs ate my whole week and the instructions were confusing until the last minute. Midterm felt way harder than the practice problems.,workload_heavy|assignment_unclear|exam_too_hard,mid,,,,,,,,,,,,,,,,,feedback_2.csv,p000016
117,student_id,2025Spring,CS220,Databases and Applications,Liam Crest,CS220 content is useful but the project spec was confusing and kept changing. Student ID 20254763 and I lost a weekend chasing requirements that weren’t in the doc.,assignment_unclear|materials_poor,mid,,,,,,20254763.0,,,,,,,,,,,feedback_2.csv,p000017
118,social_handle,2025Fall,ECO305X,Econometrics,Priya Nalav,"ECO305X is kind of a grind. The problem sets take forever and the instructions feel vague, so I’m always second-guessing. Posting this here too: @quant_grind.",workload_heavy|assignment_unclear|difficulty_high,mid,,,,,,,,,@quant_grind,,,,,,,,feedback_2.csv,p000018
119,accommodation,2026Winter,MG409,Quantitative Finance,R. K. Omondi,Lectures are dense and the exams felt rough compared to the practice questions. I use a screen reader accommodation for digital handouts. The slides also skip steps in the math which makes studying harder.,exam_too_hard|slides_incomplete|teaching_unclear,mid,,,,,,,,,,,,,,,,screen reader accommodation for digital handouts,feedback_2.csv,p000019
120,combo_self_and_other_scores,2025Fall,HC410,Intro to Economic Thinking,Patricia Ames,"Lectures were fine, but the final was way harder than the practice set. I got 93, and my friend Lio Fen got 85, and we both thought some questions were trick wording. Still a decent intro class.",exam_too_hard|pace_too_fast,mid,,Lio Fen,,93.0,85.0,,,,,,,,,,,,feedback_2.csv,p000020
121,accommodation,2025Fall,BIO220L,Molecular Biology Lab,Junia Calder,Lab reports are graded super harsh and the rubric feels inconsistent week to week. I needed a reduced-scent accommodation due to migraines and a couple labs still had strong chemical smells. TA feedback is brief so it’s hard to improve.,grading_harsh|fairness_issue|ta_support_poor,mid,,,,,,,,,,,,,,,,reduced-scent accommodation due to migraines,feedback_2.csv,p000021
122,score_only,2025Fall,WM-101,World Mythologies,Sofia D. Laurent,"Fun stories, but the grading felt random. I got an 81 even though my essay feedback was super vague.",grading_harsh|teaching_unclear,mid,,,,81.0,,,,,,,,,,,,,feedback_2.csv,p000022
123,score_only,2026Spring,UG498,Quantum Algorithms,Rafael Miron,"The pace was absurd and I was constantly behind. Somehow scraped a 50, but I don’t feel like I actually learned the core ideas.",pace_too_fast|difficulty_high|teaching_unclear,mid,,,,50.0,,,,,,,,,,,,,feedback_2.csv,p000023
124,none,2025Spring,GS510,Advanced Research Seminar,Priya Len,"Seminar discussions were solid, but expectations for the paper were super vague. Grading felt harsh for how little guidance we got.",teaching_unclear|grading_harsh|materials_poor,mid,,,,,,,,,,,,,,,,,feedback_2.csv,p000024
125,none,2025Fall,WM-101,World Mythologies,Sofia D. Laurent,"Loved the stories but the pacing was kinda wild. Essays felt graded tougher than the rubric made it sound, so feedback was frustrating.",pace_too_fast|grading_harsh|fairness_issue,mid,,,,,,,,,,,,,,,,,feedback_2.csv,p000025
126,dorm_room,2025Fall,MT201,Foundations of Calculus,Evan Kaito,"Studying in Larkspur Hall, room 4B and still getting wrecked by the pace. Homework takes forever and the midterm felt way harder than the practice set.",pace_too_fast|workload_heavy|exam_too_hard,mid,,,,,,,,,,,,,Larkspur Hall,room 4B,,,feedback_2.csv,p000026
127,combo_self_and_other_scores,2024Fall,CS420,Systems Programming II,Hiro Tanek,"CS420 wrecked me. I got 54 on the final, but my lab partner Nia Calder got 41, so I guess it wasn't just me. Projects felt like surprise boss fights every week.",difficulty_high|exam_too_hard|workload_heavy,mid,,Nia Calder,,54.0,41.0,,,,,,,,,,,,feedback_2.csv,p000027
128,combo_unique_plus_location,2025Fall,CMP101X,Introduction to Programming Concepts,Amena Parkash,CMP101X Section B7 at 10:30–11:45 in Lab Pod 3 — my midterm upload was the only one that rendered as a single black page even though the PDF looked normal on my laptop. I got told to resubmit but the policy was super unclear. Overall pace is fast and grading felt harsh.,pace_too_fast|grading_harsh|fairness_issue,mid,,,,,,,,,,Section B7,10:30–11:45,Lab Pod 3,,,my midterm upload was the only one that rendered as a single black page even though the PDF looked normal on my laptop,,feedback_2.csv,p000028
129,combo_scores_plus_location,2025Fall,ECO305X,Econometrics,Priya Nalav,"ECO305X problem sets are taking over my week. I got 73 on Quiz 2, but my friend Noel Barker got 88, so I guess it's doable. Section D1 meets 2:00 PM in Room E-109 and the instructions feel vague.",workload_heavy|assignment_unclear|teaching_unclear,mid,,Noel Barker,,73.0,88.0,,,,,Section D1,2:00 PM,Room E-109,,,,,feedback_2.csv,p000029
130,social_handle,2025Fall,UG301,Introduction to Cultural Studies,Marin Orel,"UG301 lectures are interesting but the slides are missing key examples, so taking notes is mandatory. The final-heavy grading stressed me out more than it should. If anyone has tips, ping @library_latte.",slides_incomplete|pace_too_fast,mid,,,,,,,,,@library_latte,,,,,,,,feedback_2.csv,p000030
131,combo_self_and_other_scores,2025Fall,HFA210,Contemporary Film Appreciation,Jonas Evert,"Participation being 60% is stressful if you're not super chatty. I ended with 88, while my friend Cass Iver got 95 because they spoke every class. Essays were fine but grading felt picky.",fairness_issue|grading_harsh,mid,,Cass Iver,,88.0,95.0,,,,,,,,,,,,feedback_2.csv,p000031
132,accommodation,2026Fall,PH230,Electrodynamics,Helga Brenn,"Homework is brutal and the jump from lecture to problems is huge. I had flexible attendance accommodation for a chronic illness flare, but there were in-class quizzes that made me feel penalized. The pacing could slow down just a bit.",workload_heavy|difficulty_high|fairness_issue,mid,,,,,,,,,,,,,,,,flexible attendance accommodation for a chronic illness flare,feedback_2.csv,p000032
133,name_only,2026Spring,UG275,Software Engineering Practices,Evan Kest,Team project ate my whole week and the grading felt kinda harsh. I teamed with Jordan Hale and we kept guessing what the rubric wanted.,workload_heavy|grading_harsh|assignment_unclear,mid,,Jordan Hale,,,,,,,,,,,,,,,feedback_2.csv,p000033
134,accommodation,2025Fall,QMX350,Quantum Mechanics II,Levon Mirek,This class moves way too fast and the problem sets feel like a second full course. I requested 50% extra time on timed quizzes due to ADHD. Wish the instructor walked through more examples before assigning the hard stuff.,pace_too_fast|workload_heavy|teaching_unclear,mid,,,,,,,,,,,,,,,,50% extra time on timed quizzes due to ADHD,feedback_2.csv,p000034
135,phone,2025Fall,MT201,Foundations of Calculus,Evan Kaito,"MT201 was rough this term—HW took forever and the midterm felt way harder than the practice set. If anyone wants to compare notes, text me at +1-555-0123.",workload_heavy|exam_too_hard|difficulty_high,mid,,,,,,,,+1-555-0123,,,,,,,,,feedback_2.csv,p000035
136,dorm_room,2025Fall,UG310,Introductory Creativity Workshop,Amira Sol,"In Juniper House, room 12C trying to finish yet another project draft. Amira Sol is kind, but the assignment prompts are vague and the critiques feel random sometimes.",workload_heavy|assignment_unclear|fairness_issue,mid,,,Amira Sol,,,,,,,,,,Juniper House,room 12C,,,feedback_2.csv,p000036
137,unique_event,2025Fall,ART101X,Introduction to Pottery,Marlo Finch,"Fun studio vibes, but demos went fast and the handouts didn’t really explain the glazing steps. Unique incident: ""My final piece was the only one labeled with the wrong kiln shelf number, so it got fired in the hotter zone and came out blistered."" Kinda frustrating after all the work.",materials_poor|pace_too_fast|fairness_issue,mid,,,,,,,,,,,,,,,"My final piece was the only one labeled with the wrong kiln shelf number, so it got fired in the hotter zone and came out blistered.",,feedback_2.csv,p000037
138,combo_unique_plus_location,2025Fall,WM-101,World Mythologies,Sofia D. Laurent,"WM-101 Section M1 is 12:10–13:25 in Lecture Hall 4B. For the essay workshop, I was the only person whose draft got auto-converted into a single long paragraph because the doc had a weird “mythheader” style, so the TA thought I ignored formatting. Readings are cool but the pacing is too fast sometimes.",pace_too_fast|teaching_unclear,mid,,,,,,,,,,Section M1,12:10–13:25,Lecture Hall 4B,,,I was the only person whose draft got auto-converted into a single long paragraph because the doc had a weird “mythheader” style,,feedback_2.csv,p000038
139,score_only,2026Spring,RS501,Advanced Topology Seminar,Gareth M. Kline,"Seminar discussions were interesting, but the expectations for the paper were never really spelled out. I received a 48 and the rubric felt like an afterthought.",assignment_unclear|fairness_issue|grading_harsh,mid,,,,48.0,,,,,,,,,,,,,feedback_2.csv,p000039
140,name_only,2026Spring,UG400,Environmental Statistics,Luca Moretti,"Concepts are interesting but the slides felt incomplete, so I kept missing small steps in examples. Arjun Blythe shared notes with me and that honestly saved the midterm review.",slides_incomplete|materials_poor|teaching_unclear,mid,,Arjun Blythe,,,,,,,,,,,,,,,feedback_2.csv,p000040
141,student_id,2025Fall,UG301,Advanced Algorithms,Rina Kovac,UG301 is kinda brutal and the homeworks take forever. I’m student 20258491 and I feel like the lectures skip steps and then the midterm hits you out of nowhere.,difficulty_high|workload_heavy|teaching_unclear,mid,,,,,,20258491.0,,,,,,,,,,,feedback_2.csv,p000041
142,combo_self_and_other_scores,2024Fall,CS420,Systems Programming II,Hiro Tanek,"The TAs were hard to reach and labs spiraled into chaos. I got 47 on the midterm, and my teammate Elio Rusk got 62, which made our project pairing feel uneven. Fun content, rough delivery.",ta_support_poor|difficulty_high|teaching_unclear,mid,,Elio Rusk,,47.0,62.0,,,,,,,,,,,,feedback_2.csv,p000042
143,email,2026Spring,SM102,Quantum Foundations,Ibrahim Noor,"Ibrahim Noor is thoughtful, but the reading list feels outdated and the lectures don’t always connect to the homework. The final problems were way less intuitive than class examples. If you have better resources, send them to jae.kim28@example.edu.",content_outdated|teaching_unclear|exam_too_hard,mid,,,Ibrahim Noor,,,,jae.kim28@example.edu,,,,,,,,,,feedback_2.csv,p000043
144,unique_event,2025Spring,GS510,Advanced Research Seminar,Priya Len,"Seminar discussions were good, but feedback on drafts was kinda inconsistent and fast. Unique incident: ""My paper was the only one returned with two pages swapped in the annotated PDF, so the margin comments didn’t match my paragraphs."" It made revisions way more confusing than it needed to be.",grading_harsh|teaching_unclear|materials_poor,mid,,,,,,,,,,,,,,,"My paper was the only one returned with two pages swapped in the annotated PDF, so the margin comments didn’t match my paragraphs.",,feedback_2.csv,p000044
145,section_time_place,2025Winter,EC410,Global Markets and Policy,Rafael Orme,"EC410 readings are endless and the slide decks feel incomplete. Section L, 08:40–10:00 Mon/Wed/Fri in Seminar Room D-12 is a grind.",workload_heavy|slides_incomplete|materials_poor,mid,,,,,,,,,,Section L,08:40–10:00 Mon/Wed/Fri,Seminar Room D-12,,,,,feedback_2.csv,p000045
146,dorm_room,2026Spring,UG330,Database Systems,Nia Havel,"Maple Terrace, room 18D is basically my second lab now. Nia Havel’s grading feels harsh on tiny mistakes, and TA help is slow when you’re stuck on the projects.",grading_harsh|ta_support_poor|workload_heavy,mid,,,Nia Havel,,,,,,,,,,Maple Terrace,room 18D,,,feedback_2.csv,p000046
147,combo_scores_plus_location,2025Fall,BIO220L,Molecular Biology Lab,Junia Calder,"BIO220L is interesting but the lab report rubric is confusing. I got 79 on Report 1 and my labmate Selene Hart got 86, and we still don't know what they wanted. Section L4 is 1:10 PM in Lab G-12.",assignment_unclear|teaching_unclear|grading_harsh,mid,,Selene Hart,,79.0,86.0,,,,,Section L4,1:10 PM,Lab G-12,,,,,feedback_2.csv,p000047
148,email,2025Fall,ENG404T,Advanced Technical Writing,Sera Holcomb,"Sera Holcomb gives tons of feedback, but the rubric feels inconsistent between assignments. I spent a lot of time revising and still got docked for unclear reasons. Email me at mika.tanaka24@example.edu if you want to swap peer reviews.",fairness_issue|grading_harsh,mid,,,Sera Holcomb,,,,mika.tanaka24@example.edu,,,,,,,,,,feedback_2.csv,p000048
149,unique_event,2025Spring,MG150,Principles of Management,Anika Verma,"Not the hardest class, but the group projects felt like a lot of busywork. Unique incident: ""I was the only student whose slide deck exported with all speaker notes visible, so I had to re-present on the spot."" Would love clearer expectations for presentations.",workload_heavy|assignment_unclear|fairness_issue,mid,,,,,,,,,,,,,,,"I was the only student whose slide deck exported with all speaker notes visible, so I had to re-present on the spot.",,feedback_2.csv,p000049
150,score_only,2026Spring,RS-799,Independent Study: Recursive Songwriting,K. O. Thales,"Cool concept, but feedback came in tiny snippets and I couldn’t tell what “good” looked like. Final portfolio grade was 54 and I’m kind of annoyed.",teaching_unclear|materials_poor|fairness_issue,mid,,,,54.0,,,,,,,,,,,,,feedback_2.csv,p000050
151,unique_event,2025Fall,ECO305X,Econometrics,Priya Nalav,"Problem sets take forever and the instructions are weirdly vague. Unique incident: ""My regression output screenshot had the axis labels cut off, and I was the only student asked to resubmit the entire PDF."" I wish the rubric was clearer.",workload_heavy|assignment_unclear|fairness_issue,mid,,,,,,,,,,,,,,,"My regression output screenshot had the axis labels cut off, and I was the only student asked to resubmit the entire PDF.",,feedback_2.csv,p000051
152,phone,2025Fall,UG301,Introduction to Cultural Studies,Marin Orel,"UG301 is chill but the slides are weirdly incomplete, like half the key terms are missing. I still learned a lot, just had to patch things together—text +1-555-0188 if you want my outline.",slides_incomplete|materials_poor,mid,,,,,,,,+1-555-0188,,,,,,,,,feedback_2.csv,p000052
153,name_only,2026Winter,MG409,Quantitative Finance,R. K. Omondi,"The lectures were dense and the teaching felt unclear, so it was hard to know what to focus on. Theo Marwick and I tried to follow the problem sets but the grading seemed pretty unforgiving.",teaching_unclear|grading_harsh|difficulty_high,mid,,Theo Marwick,,,,,,,,,,,,,,,feedback_2.csv,p000053
154,combo_scores_plus_location,2025Fall,CMP101X,Introduction to Programming Concepts,Amena Parkash,"CMP101X labs are fine but the grading feels picky. I got 84 on Lab 3, and my teammate Kieran Voss got 92 doing basically the same thing. Section A3 at 8:15 AM in Room L-031 is always rushed.",grading_harsh|fairness_issue|pace_too_fast,mid,,Kieran Voss,,84.0,92.0,,,,,Section A3,8:15 AM,Room L-031,,,,,feedback_2.csv,p000054
155,social_handle,2025Summer,BI214,Cell Physiology Lab,Nora G. Patel,"BI214 lab reports are nonstop and the pace ramps up fast after week one. TAs were nice but feedback was pretty minimal, so you don’t always know what to fix. I’m logging notes at @pipette_panic.",workload_heavy|pace_too_fast|ta_support_poor,mid,,,,,,,,,@pipette_panic,,,,,,,,feedback_2.csv,p000055
156,combo_unique_plus_location,2025Fall,ART101X,Introduction to Pottery,Marlo Finch,"ART101X Section P4 at 09:00–10:15 in Kiln Room K2. On critique day, my bowl was the only piece that got tagged “unfired” because the tag fell off in the kiln logbook pocket, so it looked like I skipped the firing step. Feedback is helpful but the expectations for projects aren’t always explained.",assignment_unclear|materials_poor,mid,,,,,,,,,,Section P4,09:00–10:15,Kiln Room K2,,,my bowl was the only piece that got tagged “unfired” because the tag fell off in the kiln logbook pocket,,feedback_2.csv,p000056
157,combo_scores_plus_location,2026Winter,MG409,Quantitative Finance,R. K. Omondi,"MG409 is honestly a lot, like nonstop problem sets. I got 56 on the midterm and my study buddy Ellis Grant got 63. Section Q3 meets 3:30 PM in Room F-410 and the exam was way harder than practice.",workload_heavy|exam_too_hard|difficulty_high,mid,,Ellis Grant,,56.0,63.0,,,,,Section Q3,3:30 PM,Room F-410,,,,,feedback_2.csv,p000057
158,combo_unique_plus_location,2025Summer,PS330,Research Methods,Elena Rossi,"PS330 Section S5 meets 18:00–20:30 in Seminar Room 2C. On the survey assignment, I was the only one whose QualiForm link expired mid-demo because I set the end date to the same day by accident, and it turned into a whole thing in front of everyone. Workload is heavy and the grading comments are kinda vague.",workload_heavy|teaching_unclear|grading_harsh,mid,,,,,,,,,,Section S5,18:00–20:30,Seminar Room 2C,,,I was the only one whose QualiForm link expired mid-demo because I set the end date to the same day by accident,,feedback_2.csv,p000058
159,combo_unique_plus_location,2026Spring,UG400,Environmental Statistics,Luca Moretti,"UG400 Section E9 at 11:00–12:15 in Data Lab D14. On the midterm, I was the only student whose answer sheet printed with Q6 duplicated and Q7 missing, so I had to handwrite the last problem on scrap paper. The exam was too hard for the time limit and lectures can be unclear.",exam_too_hard|teaching_unclear|difficulty_high,mid,,,,,,,,,,Section E9,11:00–12:15,Data Lab D14,,,"I was the only student whose answer sheet printed with Q6 duplicated and Q7 missing, so I had to handwrite the last problem on scrap paper",,feedback_2.csv,p000059
160,section_time_place,2025Fall,QMX350,Quantum Mechanics II,Levon Mirek,"QMX350 is kind of brutal, not gonna lie. I’m in Section B and the 10:00–11:20 Tue/Thu slot in Room A-204 is moving way too fast for me.",difficulty_high|pace_too_fast|workload_heavy,mid,,,,,,,,,,Section B,10:00–11:20 Tue/Thu,Room A-204,,,,,feedback_2.csv,p000060
161,dorm_room,2026Spring,SM102,Quantum Foundations,Ibrahim Noor,"I’m in Hazel Hall, room 7A staring at problem sets until 2am. Ibrahim Noor is smart, but the explanations jump steps and the difficulty ramps up insanely fast.",difficulty_high|teaching_unclear|pace_too_fast,mid,,,Ibrahim Noor,,,,,,,,,,Hazel Hall,room 7A,,,feedback_2.csv,p000061
162,student_id,2025Fall,CF-210,Computational Folklore,Maya R. Brant,"CF-210 is fun but the project instructions are weirdly vague. Student ID 20253307 here, and I spent more time guessing the rubric than doing the work.",assignment_unclear|fairness_issue,mid,,,,,,20253307.0,,,,,,,,,,,feedback_2.csv,p000062
163,combo_unique_plus_location,2025Spring,AR110,Intro to Creative Workshops,Lina Barros,"AR110 Section C3 at 16:20–17:50 in Studio 1A. In the portfolio review, I was the only student whose images printed with a neon-green border because the lab printer applied someone else’s preset to my file name. Fun class, but instructions for submissions change week to week.",assignment_unclear|materials_poor,mid,,,,,,,,,,Section C3,16:20–17:50,Studio 1A,,,I was the only student whose images printed with a neon-green border because the lab printer applied someone else’s preset to my file name,,feedback_2.csv,p000063
164,section_time_place,2025Fall,MT201,Foundations of Calculus,Evan Kaito,MT201 lectures are fine but the homework ramped up hard. Section 3 at 14:30–15:45 Mon/Wed in Hall C-110 always feels rushed.,workload_heavy|pace_too_fast,mid,,,,,,,,,,Section 3,14:30–15:45 Mon/Wed,Hall C-110,,,,,feedback_2.csv,p000064
165,score_only,2025Winter,TH-330,Applied Thermodynamics,Elijah K. Sorn,Labs were a time sink and the manual didn’t match what we actually did. Finished with a 63 and I’m honestly relieved it’s over.,workload_heavy|materials_poor|grading_harsh,mid,,,,63.0,,,,,,,,,,,,,feedback_2.csv,p000065
166,phone,2024Spring,PH330,Quantum Concepts,Anika Voss,"PH330 problem sets were brutal and the grading felt harsh when you made one small algebra slip. I’m not mad, just exhausted—call +1-555-0161 if you’re forming a study group for finals-style problems.",difficulty_high|grading_harsh|workload_heavy,mid,,,,,,,,+1-555-0161,,,,,,,,,feedback_2.csv,p000066
167,score_only,2025Fall,UG301,Advanced Algorithms,Rina Kovac,"Homework took forever and the lecture slides skipped key steps. I ended with a 55, which is fine, but the class felt unnecessarily punishing.",workload_heavy|slides_incomplete|grading_harsh,mid,,,,55.0,,,,,,,,,,,,,feedback_2.csv,p000067
168,combo_self_and_other_scores,2026Fall,AR205,Landscape Painting Studio,Mina Ortega,"Studio time was great, but the critiques felt kinda inconsistent. I got 90 on the portfolio, and my classmate Rowan Pike got 82 even though their work looked stronger to me. Wish the rubric was clearer.",fairness_issue|grading_harsh|assignment_unclear,mid,,Rowan Pike,,90.0,82.0,,,,,,,,,,,,feedback_2.csv,p000068
169,student_id,2026Summer,PSY-X12,Introduction to Dream Interpretation,Noam L. Berri,PSY-X12 is chill but some parts feel outdated and kinda hand-wavy. I’m 20262055 and I wish the quizzes matched the lectures more closely.,content_outdated|teaching_unclear,mid,,,,,,20262055.0,,,,,,,,,,,feedback_2.csv,p000069
170,combo_scores_plus_location,2025Fall,CF-210,Computational Folklore,Maya R. Brant,"CF-210 is fun but the slides are kinda incomplete so I miss details. I got 67 on Quiz 3, and my classmate Rowan Pike got 74. Section C2 meets 4:20 PM in Room H-055 and it’s hard to keep up.",slides_incomplete|materials_poor|pace_too_fast,mid,,Rowan Pike,,67.0,74.0,,,,,Section C2,4:20 PM,Room H-055,,,,,feedback_2.csv,p000070
171,student_id,2026Spring,UG101,Foundations of Art History,Priya Anand,"UG101 could be interesting but the slides feel incomplete and I end up googling basics. Student number 20261128, and the exam questions didn’t match what we practiced.",slides_incomplete|exam_too_hard|materials_poor,mid,,,,,,20261128.0,,,,,,,,,,,feedback_2.csv,p000071
172,student_id,2025Fall,ECO305X,Econometrics,Priya Nalav,ECO305X problem sets are long and grading feels harsh for tiny mistakes. I’m 20257216 and the TA help hours were basically a line out the door.,grading_harsh|workload_heavy|ta_support_poor,mid,,,,,,20257216.0,,,,,,,,,,,feedback_2.csv,p000072
173,both_score_and_name,2026Fall,PH230,Electrodynamics,Helga Brenn,Pulled a 64 but the final was brutal for the time limit. Caleb Rios and I both thought the homework didn’t match the exam style.,exam_too_hard|fairness_issue|pace_too_fast,mid,,Caleb Rios,,64.0,,,,,,,,,,,,,feedback_2.csv,p000073
174,section_time_place,2025Spring,MG150,Principles of Management,Anika Verma,MG150 group project grading felt kinda harsh compared to the rubric. Section 7 meets 16:00–17:15 Tue/Thu in Building F-302 and it’s always packed.,grading_harsh|fairness_issue,mid,,,,,,,,,,Section 7,16:00–17:15 Tue/Thu,Building F-302,,,,,feedback_2.csv,p000074
175,name_only,2024Spring,PH330,Quantum Concepts,Anika Voss,Problem sets were brutal and the exams felt even harder than the homework. I studied with Serena Quill and we still walked out like “what just happened.”,difficulty_high|exam_too_hard|workload_heavy,mid,,Serena Quill,,,,,,,,,,,,,,,feedback_2.csv,p000075
176,none,2025Fall,ART101X,Introduction to Pottery,Marlo Finch,"Fun class, but the project deadlines stacked up fast and I was constantly behind. Critiques were helpful, I just wish the schedule was less intense.",workload_heavy|pace_too_fast,mid,,,,,,,,,,,,,,,,,feedback_2.csv,p000076
177,combo_unique_plus_location,2025Fall,BIO220L,Molecular Biology Lab,Junia Calder,"BIO220L Section L2 meets 14:00–16:50 in Room G-12. During the gel imaging checkoff, I was the only student whose sample tray got labeled with the wrong barcode, so my result looked “missing” until I pointed it out. Workload is heavy and the rubric feels nitpicky.",workload_heavy|grading_harsh|fairness_issue,mid,,,,,,,,,,Section L2,14:00–16:50,Room G-12,,,I was the only student whose sample tray got labeled with the wrong barcode,,feedback_2.csv,p000077
178,section_time_place,2026Summer,PSY-X12,Introduction to Dream Interpretation,Noam L. Berri,"PSY-X12 is interesting but the quizzes feel randomly picky and the slides are missing key points. Section D, 09:30–10:45 Mon/Thu in Room H-105 could be better organized.",slides_incomplete|fairness_issue|materials_poor,mid,,,,,,,,,,Section D,09:30–10:45 Mon/Thu,Room H-105,,,,,feedback_2.csv,p000078
179,both_score_and_name,2025Fall,MT201,Foundations of Calculus,Evan Kaito,"Ended up with a 58 and honestly it tracks. My friend Nora Dempsey said the midterm prep felt like guessing half the time, and I agree.",difficulty_high|teaching_unclear,mid,,Nora Dempsey,,58.0,,,,,,,,,,,,,feedback_2.csv,p000079
180,email,2025Fall,UG301,Introduction to Cultural Studies,Marin Orel,"Marin Orel is engaging, but the slide decks feel incomplete so studying is annoying. The final is like 70% so the pace gets stressful near the end. If anyone made good outlines, ping me: elio.martin27@example.edu.",slides_incomplete|pace_too_fast,mid,,,Marin Orel,,,,elio.martin27@example.edu,,,,,,,,,,feedback_2.csv,p000080
181,dorm_room,2026Spring,ED410,Curriculum Theory Seminar,Owen Li,"Writing papers in Driftwood Hall, room 5E and I’m honestly overwhelmed. Owen Li gives thoughtful feedback, but the expectations for “theory depth” feel unclear and grading is strict.",teaching_unclear|grading_harsh|workload_heavy,mid,,,Owen Li,,,,,,,,,,Driftwood Hall,room 5E,,,feedback_2.csv,p000081
182,social_handle,2025Winter,TH-330,Applied Thermodynamics,Elijah K. Sorn,"TH-330 exams were brutal compared to the homework, not gonna lie. Sometimes the explanations jump steps, so if you miss one concept you’re lost for a while. Venting as @entropy_crib.",exam_too_hard|teaching_unclear|difficulty_high,mid,,,,,,,,,@entropy_crib,,,,,,,,feedback_2.csv,p000082
183,combo_self_and_other_scores,2025Fall,HC410,Intro to Economic Thinking,Patricia Ames,"The curve helped, but the grading still felt kind of random. I got 89 overall and my friend Jalen Wirth got 76, even though we studied together. Lectures moved fast and the exam questions were wordy.",fairness_issue|pace_too_fast|grading_harsh,mid,,Jalen Wirth,,89.0,76.0,,,,,,,,,,,,feedback_2.csv,p000083
184,both_score_and_name,2025Fall,BIO220L,Molecular Biology Lab,Junia Calder,Finished with a 79; the lab reports took forever every week. Sienna Markov warned me it was a grind and she was right.,workload_heavy|difficulty_high,mid,,Sienna Markov,,79.0,,,,,,,,,,,,,feedback_2.csv,p000084
185,section_time_place,2026Spring,UG400,Environmental Statistics,Luca Moretti,UG400 is useful but the assignments are confusing and the instructions change mid-week. Section A at 11:00–12:15 Mon/Wed in Lab E-221 needs clearer directions.,assignment_unclear|teaching_unclear,mid,,,,,,,,,,Section A,11:00–12:15 Mon/Wed,Lab E-221,,,,,feedback_2.csv,p000085
186,combo_self_and_other_scores,2026Spring,UG400,Environmental Statistics,Luca Moretti,"Stats was doable but the pacing was brutal. I got 73 on the midterm and my classmate Priya Sol got 65, and we both felt like half the formulas came out of nowhere. Homework took forever.",pace_too_fast|teaching_unclear|workload_heavy,mid,,Priya Sol,,73.0,65.0,,,,,,,,,,,,feedback_2.csv,p000086
187,email,2025Fall,QP-420,Advanced Quantum Plumbing,Dr. Horace Pent,"Dr. Horace Pent is funny but the lectures jump around and I leave confused. Homework instructions are vague, then grading is super strict. Reach me at kai.weston26@example.edu if you want to compare notes.",teaching_unclear|assignment_unclear|grading_harsh,mid,,,Dr. Horace Pent,,,,kai.weston26@example.edu,,,,,,,,,,feedback_2.csv,p000087
188,score_only,2025Fall,UG301,Advanced Algorithms,Rina Kovac,Walked out of the final feeling like I got hit by a truck. Ended with a 49 and I still don’t get half the proofs.,exam_too_hard|difficulty_high|pace_too_fast,mid,,,,49.0,,,,,,,,,,,,,feedback_2.csv,p000088
189,combo_self_and_other_scores,2026Spring,UG400,Environmental Statistics,Luca Moretti,"The homework load is no joke and the solution keys were thin. I got 68 on the final, and my study partner Quinn Sato got 74, but we both walked out feeling blindsided. I learned a lot, just exhausted.",workload_heavy|exam_too_hard|materials_poor,mid,,Quinn Sato,,68.0,74.0,,,,,,,,,,,,feedback_2.csv,p000089
190,accommodation,2026Spring,GR501,Advanced Thermodynamics,Linnea Vorenk,"Problem sets take forever and I still feel lost half the time. I have a note-taking accommodation for a wrist injury, but the board work is so fast it’s hard to keep up anyway. Would really help to get clearer solution outlines.",workload_heavy|difficulty_high|pace_too_fast,mid,,,,,,,,,,,,,,,,note-taking accommodation for a wrist injury,feedback_2.csv,p000090
191,score_only,2026Winter,MG409,Quantitative Finance,R. K. Omondi,Problem sets were brutal and the solutions dropped way too late to learn from. Got a 57 and it felt like everyone was guessing.,workload_heavy|difficulty_high|materials_poor,mid,,,,57.0,,,,,,,,,,,,,feedback_2.csv,p000091
192,score_only,2025Fall,UG310,Introductory Creativity Workshop,Amira Sol,"Good vibes, but the project prompts were weirdly unclear until the last minute. I ended up with a 86 mostly from peer feedback saving me.",assignment_unclear|slides_incomplete,mid,,,,86.0,,,,,,,,,,,,,feedback_2.csv,p000092
193,combo_scores_plus_location,2025Fall,UG301,Advanced Algorithms,Rina Kovac,"UG301 is brutal this term. I got 54 on the midterm, and my lab partner Daria Kline got 41. I'm in Section B2 at 10:30 AM in Room C-214 and the pace is just too fast.",difficulty_high|pace_too_fast|exam_too_hard,mid,,Daria Kline,,54.0,41.0,,,,,Section B2,10:30 AM,Room C-214,,,,,feedback_2.csv,p000093
194,phone,2025Fall,PSY150X,Cognitive Psychology,Mika Ren,"PSY150X is interesting but the lecture explanations jump around, so I kept rewatching notes to figure out what mattered for quizzes. If you made a good study guide, call me at +1-555-0147.",teaching_unclear|pace_too_fast,mid,,,,,,,,+1-555-0147,,,,,,,,,feedback_2.csv,p000094
195,section_time_place,2026Spring,BT-S01,Seminar in Speculative Botany,Prof. Linnea Sparrow,"BT-S01 discussions are fun, but the weekly readings are way heavier than I expected. Section S meets 13:10–14:25 Tue in Studio G-07.",workload_heavy,mid,,,,,,,,,,Section S,13:10–14:25 Tue,Studio G-07,,,,,feedback_2.csv,p000095
196,social_handle,2025Spring,MG150,Principles of Management,Anika Verma,"MG150 is fine but grading on the group project felt random, like effort didn’t match outcome. Also the assignment prompts could be clearer. I’m @groupwork_skeptic if anyone wants to compare rubrics.",fairness_issue|grading_harsh|assignment_unclear,mid,,,,,,,,,@groupwork_skeptic,,,,,,,,feedback_2.csv,p000096
197,combo_scores_plus_location,2025Fall,HFA210,Contemporary Film Appreciation,Jonas Evert,"HFA210 is chill but participation grading is stressful and feels random. I got 89 on Essay 1, while my friend Tamsin Lee got 95. Section S1 at 11:00 AM in Room M-202 gets derailed a lot.",fairness_issue|grading_harsh|teaching_unclear,mid,,Tamsin Lee,,89.0,95.0,,,,,Section S1,11:00 AM,Room M-202,,,,,feedback_2.csv,p000097
198,section_time_place,2025Fall,MT201,Foundations of Calculus,Evan Kaito,MT201 would be less painful if the TA help was more consistent—some weeks you’re on your own. Section 1 meets 07:50–09:05 Tue/Thu in Room K-011.,ta_support_poor|workload_heavy,mid,,,,,,,,,,Section 1,07:50–09:05 Tue/Thu,Room K-011,,,,,feedback_2.csv,p000098
199,section_time_place,2026Summer,HS205,Global Health Policy,Diego Alvarez,HS205 content is solid but the pace is surprisingly fast for a seminar. Section 2 at 18:00–19:30 Wed in Seminar Hall J-3 makes it hard to keep up.,pace_too_fast|schedule_conflict,mid,,,,,,,,,,Section 2,18:00–19:30 Wed,Seminar Hall J-3,,,,,feedback_2.csv,p000099
200,name_only,2025Fall,UG301,Advanced Algorithms,Rina Kovac,This class crushed me. I studied with Jordan Patel and we still left the midterm feeling totally lost. The pacing is way too fast and the homework jumps steps.,pace_too_fast|difficulty_high|assignment_unclear,high,,Jordan Patel,,,,,,,,,,,,,,,feedback_3.csv,p000000
201,combo_unique_plus_location,2025Fall,SYN-101,Introduction to Medieval Widgets,Arielle M. Rune,SYN-101 Section A3 at 9:00–9:50 in Bramble 116 was fun but the assignments were weirdly unclear. I was the only one told to redo the “guild seal” sketch because my page had a faint coffee-ring circle that the scanner read as an extra watermark. Felt unfair for a silly accident.,assignment_unclear|fairness_issue|grading_harsh,high,,,,,,,,,,Section A3,9:00–9:50,Bramble 116,,,I was the only one told to redo the “guild seal” sketch because my page had a faint coffee-ring circle that the scanner read as an extra watermark,,feedback_3.csv,p000001
202,combo_scores_plus_location,2025Fall,WM-101,World Mythologies,Sofia D. Laurent,"WM-101 Section D3 grading feels super nitpicky. I got 79 on Essay 1, while my classmate Rowan Vex got 88, so I guess I just missed the secret rubric. Meets Mon 1:15pm in West Hall, Room 18.",grading_harsh|fairness_issue|materials_poor,high,,Rowan Vex,,79.0,88.0,,,,,Section D3,Mon 1:15pm,"West Hall, Room 18",,,,,feedback_3.csv,p000002
203,section_time_place,2026Spring,UG301,Introductory Robotics,Marin Osei,"UG301 Section R4 at 9:00–10:15 AM in Lab K-22 is exhausting because every lab is timed and the pace is too fast. TA help is hit-or-miss, so you end up stuck on dumb setup stuff.",pace_too_fast|ta_support_poor|workload_heavy,high,,,,,,,,,,Section R4,9:00–10:15 AM,Lab K-22,,,,,feedback_3.csv,p000003
204,student_id,2025Fall,QMX350,Quantum Mechanics II,Levon Mirek,I’m 20259841 and I swear the exams were brutal compared to the practice problems. Problem sets ate my entire week and still felt under-explained.,exam_too_hard|workload_heavy|teaching_unclear,mid,,,,,,20259841.0,,,,,,,,,,,feedback_3.csv,p000004
205,dorm_room,2026Fall,BI220,Cell Biology,Hiro Tan,"I’m writing this from Harbor View Dorm, room 7D, still smelling like lab gloves. Hiro Tan’s lectures are okay but the lab instructions are so unclear that everyone spends the first hour guessing. Workload is heavy and the exams feel like they’re from a different course.",assignment_unclear|workload_heavy|exam_too_hard,mid,,,Hiro Tan,,,,,,,,,,Harbor View Dorm,room 7D,,,feedback_3.csv,p000005
206,unique_event,2025Fall,CMP101X,Introduction to Programming Concepts,Amena Parkash,"Labs moved way too fast and the directions were vague. On Lab 4, my account was the only one that auto-graded every test as ""timeout"" even though it ran locally, and it took two days to get anyone to believe me. Super frustrating.",pace_too_fast|assignment_unclear|ta_support_poor,mid,,,,,,,,,,,,,,,"my account was the only one that auto-graded every test as ""timeout"" even though it ran locally",,feedback_3.csv,p000006
207,combo_self_and_other_scores,2026Spring,UG201,Statistical Mechanics II,Lian Zhou,This class is a grinder and the problem sets are way harder than the examples. I got 54 on the midterm; my friend Omar Vance got 39 and we both studied a ton.,workload_heavy|exam_too_hard|materials_poor,high,,Omar Vance,,54.0,39.0,,,,,,,,,,,,feedback_3.csv,p000007
208,both_score_and_name,2025Fall,QP-420,Advanced Quantum Plumbing,Dr. Horace Pent,I ended with 50 and honestly I’m not even sure what I did wrong half the time. Rowan Kline said the grading felt random and I agree.,grading_harsh|teaching_unclear|exam_too_hard,high,,Rowan Kline,,50.0,,,,,,,,,,,,,feedback_3.csv,p000008
209,score_only,2026Spring,UG498,Quantum Algorithms,Rafael Miron,Final grade: 47. The pace was brutal and half the time I couldn’t tell what the professor wanted on the problem sets.,pace_too_fast|teaching_unclear|assignment_unclear,mid,,,,47.0,,,,,,,,,,,,,feedback_3.csv,p000009
210,combo_self_and_other_scores,2026Spring,UG400,Environmental Statistics,Luca Moretti,"The workload is honestly nuts for an applied stats class, and the grading feels picky. I got 72, but my classmate Briar Wen got 59 even though we compared answers and were super close.",workload_heavy|grading_harsh|fairness_issue,high,,Briar Wen,,72.0,59.0,,,,,,,,,,,,feedback_3.csv,p000010
211,score_only,2026Spring,ED410,Curriculum Theory Seminar,Owen Li,I got 62 and I’m annoyed because the feedback was basically one-liners. The grading felt harsh and the discussion was all over the place.,grading_harsh|teaching_unclear|fairness_issue,mid,,,,62.0,,,,,,,,,,,,,feedback_3.csv,p000011
212,score_only,2025Summer,PS330,Research Methods,Elena Rossi,I ended up with 64. The workload was ridiculous for a summer class and the assignment rubrics were vague.,workload_heavy|assignment_unclear|grading_harsh,mid,,,,64.0,,,,,,,,,,,,,feedback_3.csv,p000012
213,combo_scores_plus_location,2025Summer,BI230,Ecology and Field Methods,Derek Malle,"BI230 Section F2 field reports take forever and feedback is super thin. I got 82 on Report 1, but my partner Ellis Roan got 69 even though we collected data together. Meet time is Sat 7:30am in Field Station Shed, Bay 2.",workload_heavy|ta_support_poor|slides_incomplete,high,,Ellis Roan,,82.0,69.0,,,,,Section F2,Sat 7:30am,"Field Station Shed, Bay 2",,,,,feedback_3.csv,p000013
214,email,2025Summer,BI214,Cell Physiology Lab,Nora G. Patel,The lab reports take forever and the expectations change depending on who’s checking that week. I liked the experiments but the grading felt inconsistent—questions welcome at mia.holmes29@example.edu.,workload_heavy|fairness_issue|grading_harsh,mid,,,,,,,mia.holmes29@example.edu,,,,,,,,,,feedback_3.csv,p000014
215,name_only,2024Spring,PH330,Quantum Concepts,Anika Voss,Honestly a mess for me—problem sets felt like riddles with missing pieces. I compared notes with Mira Sloan and we couldn’t even agree what the questions meant. Exams were brutal.,teaching_unclear|assignment_unclear|exam_too_hard,high,,Mira Sloan,,,,,,,,,,,,,,,feedback_3.csv,p000015
216,accommodation,2026Winter,MG409,Quantitative Finance,R. K. Omondi,"The midterm was brutal and the grading felt harsh for tiny algebra slips. I use captioning accommodations for hearing loss, and some recorded lectures didn’t have captions until days later.",exam_too_hard|grading_harsh|materials_poor,mid,,,,,,,,,,,,,,,,"I use captioning accommodations for hearing loss, and some recorded lectures didn’t have captions until days later.",feedback_3.csv,p000016
217,student_id,2025Winter,ED102,Foundations of Play,Sofia Varela,"I’m 20250644 and the projects were fun but the instructions were weirdly unclear, like we had to guess the rubric. Attendance grading also felt a bit unfair when stuff comes up.",assignment_unclear|fairness_issue|grading_harsh,mid,,,,,,20250644.0,,,,,,,,,,,feedback_3.csv,p000017
218,dorm_room,2026Spring,GR501,Advanced Thermodynamics,Linnea Vorenk,"Pine Ridge Dorm, room 4C is just me, coffee, and thermo nightmares. Linnea Vorenk moves insanely fast and the notes feel incomplete, so you end up teaching yourself from scratch. Problem sets are a time sink and the grading is unforgiving.",pace_too_fast|slides_incomplete|grading_harsh,high,,,Linnea Vorenk,,,,,,,,,,Pine Ridge Dorm,room 4C,,,feedback_3.csv,p000018
219,score_only,2025Spring,GS510,Advanced Research Seminar,Priya Len,Got a 51 and honestly I’m salty about it. Grading felt super harsh for a seminar and the expectations kept shifting.,grading_harsh|fairness_issue|teaching_unclear,mid,,,,51.0,,,,,,,,,,,,,feedback_3.csv,p000019
220,combo_self_and_other_scores,2026Fall,PH230,Electrodynamics,Helga Brenn,"Brutal exams and the lectures feel like speed-running derivations. I got 61, but my lab partner Nia Calder got 44, so it’s not just me struggling.",exam_too_hard|pace_too_fast|teaching_unclear,high,,Nia Calder,,61.0,44.0,,,,,,,,,,,,feedback_3.csv,p000020
221,student_id,2026Spring,UG201,Statistical Mechanics II,Lian Zhou,"StudentID 20257819 — the pace was insanely fast and the problem sets were just relentless. TA help felt sparse, so if you got stuck you were basically cooked.",pace_too_fast|workload_heavy|ta_support_poor,high,,,,,,20257819.0,,,,,,,,,,,feedback_3.csv,p000021
222,score_only,2026Fall,PH230,Electrodynamics,Helga Brenn,My score was 55 and it stung. The exam was way harder than the practice problems and the grading was unforgiving.,exam_too_hard|grading_harsh|difficulty_high,mid,,,,55.0,,,,,,,,,,,,,feedback_3.csv,p000022
223,dorm_room,2024Spring,PH330,Quantum Concepts,Anika Voss,"Cramming in Cedar Hall Dorm, room 12A, and still getting wrecked by the problem sets. Anika Voss explains like you already know the math tricks, so half the time I’m lost. The midterm felt way harder than the practice.",teaching_unclear|difficulty_high|exam_too_hard,mid,,,Anika Voss,,,,,,,,,,Cedar Hall Dorm,room 12A,,,feedback_3.csv,p000023
224,combo_unique_plus_location,2026Spring,UG101,Foundations of Art History,Priya Anand,"UG101 Section H5 at 1:30–2:45 in Gallery Hall 9 is just endless memorization with vague prompts. For the essay midterm, I was the only one whose booklet had the prompt printed twice and missing the image page, so my whole argument was guessing what everyone else could see. The response from staff was basically “meh.”",materials_poor|exam_too_hard|fairness_issue,high,,,,,,,,,,Section H5,1:30–2:45,Gallery Hall 9,,,I was the only one whose booklet had the prompt printed twice and missing the image page,,feedback_3.csv,p000024
225,social_handle,2025Fall,UG310,Introductory Creativity Workshop,Amira Sol,"UG310 was weirdly stressful for a “creativity” class. @gluegun_grief—rubric felt inconsistent and the slides were basically empty, so you just guess what they want.",fairness_issue|slides_incomplete|grading_harsh,high,,,,,,,,,@gluegun_grief,,,,,,,,feedback_3.csv,p000025
226,accommodation,2024Fall,CS420,Systems Programming II,Hiro Tanek,"Projects were insanely hard and the instructions were vague, so half the time I was guessing what the autograder wanted. I have dyslexia accommodations and need PDFs that are screen-reader friendly, but a bunch of handouts were images.",difficulty_high|assignment_unclear|materials_poor,mid,,,,,,,,,,,,,,,,"I have dyslexia accommodations and need PDFs that are screen-reader friendly, but a bunch of handouts were images.",feedback_3.csv,p000026
227,dorm_room,2026Summer,HS205,Global Health Policy,Diego Alvarez,"In Juniper House Dorm, room 2F, I’m drowning in readings for HS205. Diego Alvarez is passionate but the materials feel scattered and kind of outdated, so discussions go in circles. The essay prompts are vague and grading feels inconsistent.",materials_poor|content_outdated|fairness_issue,high,,,Diego Alvarez,,,,,,,,,,Juniper House Dorm,room 2F,,,feedback_3.csv,p000027
228,section_time_place,2024Fall,CS420,Systems Programming II,Hiro Tanek,"CS420 Section 03 is 12:30–1:45 PM in Room H-301 and the exams are brutal. Lectures feel scattered, then the test expects you to connect everything perfectly.",exam_too_hard|teaching_unclear|difficulty_high,high,,,,,,,,,,Section 03,12:30–1:45 PM,Room H-301,,,,,feedback_3.csv,p000028
229,social_handle,2026Fall,PH230,Electrodynamics,Helga Brenn,"PH230 was brutal. I’m posting from @fieldlines_fail because I don’t want this tied to me, but the exams felt way harder than the homework and the pace was nonstop.",difficulty_high|pace_too_fast|exam_too_hard,high,,,,,,,,,@fieldlines_fail,,,,,,,,feedback_3.csv,p000029
230,student_id,2025Winter,EC410,Global Markets and Policy,Rafael Orme,Student ID 20259002: essays took forever and the feedback was so vague it wasn’t helpful. The midterm felt way harder than what we practiced in class.,workload_heavy|teaching_unclear|exam_too_hard,mid,,,,,,20259002.0,,,,,,,,,,,feedback_3.csv,p000030
231,combo_self_and_other_scores,2026Spring,RS501,Advanced Topology Seminar,Gareth M. Kline,"I’m sorry but the explanations are so abstract they’re basically useless without extra sources. I got 55, while my colleague Nora Ives got 46, and we both left sessions feeling confused.",teaching_unclear|difficulty_high|materials_poor,high,,Nora Ives,,55.0,46.0,,,,,,,,,,,,feedback_3.csv,p000031
232,name_only,2025Fall,AR101,Intro to Studio Art,Maru Nakatani,"I liked the studio vibe, but the workload is sneaky heavy—projects eat your whole week. Samir Hossain and I kept pulling late nights to finish critiques on time. Instructions changed last minute a lot.",workload_heavy|assignment_unclear,high,,Samir Hossain,,,,,,,,,,,,,,,feedback_3.csv,p000032
233,social_handle,2026Summer,HS205,Global Health Policy,Diego Alvarez,"HS205 sounded chill but it was a lot. @policy_panic—reading load was heavy and the feedback on essays was kinda vague, so I never knew what to fix.",workload_heavy|teaching_unclear,high,,,,,,,,,@policy_panic,,,,,,,,feedback_3.csv,p000033
234,phone,2025Fall,ART101X,Introduction to Pottery,Marlo Finch,"ART101X is fun but the assignment instructions are weirdly vague, like you only find out what matters after feedback. Also the pace is faster than it looks on paper. Ping me at +1-555-0119 if you want a checklist of what actually gets graded.",assignment_unclear|pace_too_fast,low,,,,,,,,+1-555-0119,,,,,,,,,feedback_3.csv,p000034
235,accommodation,2025Fall,ECO305X,Econometrics,Priya Nalav,This class moved way too fast and the problem sets felt like they skipped steps. I also need extra time on timed exams due to ADHD accommodations.,pace_too_fast|assignment_unclear|workload_heavy,mid,,,,,,,,,,,,,,,,I also need extra time on timed exams due to ADHD accommodations.,feedback_3.csv,p000035
236,email,2025Summer,BI230,Ecology and Field Methods,Derek Malle,"Field days were cool but the schedule felt chaotic and the write-ups were under-explained. I spent a ton of time redoing sections after feedback—if you have a good report template, send it to devon.rye25@example.edu.",schedule_conflict|assignment_unclear|materials_poor,mid,,,,,,,devon.rye25@example.edu,,,,,,,,,,feedback_3.csv,p000036
237,section_time_place,2025Fall,UG301,Advanced Algorithms,Rina Kovac,UG301 Section B2 at 2:00–3:15 PM in Room Q-204 felt like getting hit by a truck every week. Homework was brutal and the midterm was way harder than the practice set.,difficulty_high|workload_heavy|exam_too_hard,high,,,,,,,,,,Section B2,2:00–3:15 PM,Room Q-204,,,,,feedback_3.csv,p000037
238,section_time_place,2025Spring,AR110,Intro to Creative Workshops,Lina Barros,AR110 Section C at 3:30–4:45 PM in Studio P-3 sounded chill but the workload is heavier than I expected. Critiques move so fast that instructions get lost.,workload_heavy|teaching_unclear,high,,,,,,,,,,Section C,3:30–4:45 PM,Studio P-3,,,,,feedback_3.csv,p000038
239,phone,2025Spring,GS510,Advanced Research Seminar,Priya Len,"GS510 is intense and honestly stressful—expect heavy reading and super picky feedback. Sometimes the expectations feel unclear until you get critiques. If you're taking it next term, call/text +1-555-0134 and I'll share what helped me survive.",workload_heavy|teaching_unclear|grading_harsh,mid,,,,,,,,+1-555-0134,,,,,,,,,feedback_3.csv,p000039
240,section_time_place,2025Fall,SYN-101,Introduction to Medieval Widgets,Arielle M. Rune,"SYN-101 Section W1 meets 4:00–5:15 PM in Room G-07 and the materials are weirdly thin. Quizzes pull details that aren’t in the readings, so it feels unfair.",materials_poor|fairness_issue|teaching_unclear,high,,,,,,,,,,Section W1,4:00–5:15 PM,Room G-07,,,,,feedback_3.csv,p000040
241,combo_unique_plus_location,2025Fall,CS220,Databases and Applications,Liam Crest,"CS220 Section B2 at 10:30–11:45 in Gearhall 2B felt chaotic and the grading was brutal. On Project 1, I was the only person whose ERD export turned every relationship line into tiny dotted marks, so the TA thought I made it up. I lost time explaining it and still got docked.",grading_harsh|fairness_issue|ta_support_poor,high,,,,,,,,,,Section B2,10:30–11:45,Gearhall 2B,,,I was the only person whose ERD export turned every relationship line into tiny dotted marks,,feedback_3.csv,p000041
242,unique_event,2025Fall,PH301,Statistical Mechanics,Zoe Park,"Grading felt harsh for how unclear the expectations were. On the midterm, I was the only student whose formula sheet printed with half the symbols replaced by empty squares, so my work looked ""wrong"" even though the steps were right. I left feeling kinda doomed.",grading_harsh|teaching_unclear|fairness_issue,mid,,,,,,,,,,,,,,,I was the only student whose formula sheet printed with half the symbols replaced by empty squares,,feedback_3.csv,p000042
243,section_time_place,2026Spring,UG275,Software Engineering Practices,Evan Kest,UG275 Section T2 runs 1:00–2:15 PM in Room J-118 and the team project grading feels unfair. Specs change mid-sprint and then you get dinged for not following the “new” rules.,fairness_issue|assignment_unclear|grading_harsh,high,,,,,,,,,,Section T2,1:00–2:15 PM,Room J-118,,,,,feedback_3.csv,p000043
244,none,2025Fall,PSY150X,Cognitive Psychology,Mika Ren,"Quizzes every week sound fine until you realize the questions hinge on tiny details that weren’t emphasized. The pacing is so fast that you’re always behind, and the slides don’t help much. Felt like sprinting on a treadmill.",pace_too_fast|slides_incomplete|exam_too_hard,high,,,,,,,,,,,,,,,,,feedback_3.csv,p000044
245,email,2025Fall,PH301,Statistical Mechanics,Zoe Park,"This class absolutely cooked me. The pace is brutal and I kept feeling like I was always one chapter behind—if anyone has extra practice problems, email me at sam.torres27@example.edu.",pace_too_fast|difficulty_high|exam_too_hard,mid,,,,,,,sam.torres27@example.edu,,,,,,,,,,feedback_3.csv,p000045
246,section_time_place,2025Fall,CMP101X,Introduction to Programming Concepts,Amena Parkash,"CMP101X Section L2 at 7:00–8:15 PM in Room F-202 conflicts with my job, so I kept missing office hours. Also the lab instructions are unclear and you waste hours guessing.",schedule_conflict|assignment_unclear|workload_heavy,high,,,,,,,,,,Section L2,7:00–8:15 PM,Room F-202,,,,,feedback_3.csv,p000046
247,none,2025Fall,WM-101,World Mythologies,Sofia D. Laurent,"I wanted to love this, but the grading felt wildly inconsistent from one essay to the next. Prompts were phrased like they’re deep, then the rubric punishes you for not reading the instructor’s mind. I’m exhausted and annoyed.",fairness_issue|assignment_unclear|grading_harsh,high,,,,,,,,,,,,,,,,,feedback_3.csv,p000047
248,score_only,2025Fall,CF-210,Computational Folklore,Maya R. Brant,Finished with 67. Cool topic but the slides were incomplete and the quizzes felt like they came from a different class.,slides_incomplete|materials_poor|fairness_issue,mid,,,,67.0,,,,,,,,,,,,,feedback_3.csv,p000048
249,phone,2025Fall,CMP101X,Introduction to Programming Concepts,Amena Parkash,"CMP101X was kinda brutal if you're new to coding. The labs jump in difficulty fast and the grading felt harsh. If you wanna swap notes, text me at +1-555-0107.",difficulty_high|pace_too_fast|grading_harsh,mid,,,,,,,,+1-555-0107,,,,,,,,,feedback_3.csv,p000049
250,combo_scores_plus_location,2026Spring,RS501,Advanced Topology Seminar,Gareth M. Kline,"RS501 Section R1 is honestly brutal and moves way too fast for a seminar. I got 47 on the first presentation, and my cohort mate Nadia Quill got 71. Meets Tue 4:10pm in Math Tower, Room 602.",pace_too_fast|difficulty_high|grading_harsh,high,,Nadia Quill,,47.0,71.0,,,,,Section R1,Tue 4:10pm,"Math Tower, Room 602",,,,,feedback_3.csv,p000050
251,unique_event,2026Fall,PH230,Electrodynamics,Helga Brenn,"Homework was brutal and the feedback was basically ""see solution"" with no explanation. On HW7, I was the only one whose uploaded PDF showed blank pages 3–6 to the grader even though my file opened fine on my laptop. Ended up eating a late penalty for a glitch I couldn't prove.",workload_heavy|grading_harsh|fairness_issue,mid,,,,,,,,,,,,,,,I was the only one whose uploaded PDF showed blank pages 3–6 to the grader even though my file opened fine on my laptop,,feedback_3.csv,p000051
252,unique_event,2026Summer,HS205,Global Health Policy,Diego Alvarez,"Content was interesting but the pace was too fast for how much reading there was. In the midterm essay upload, I was the only one who got locked out after hitting submit because the portal thought my file name had an emoji (it didn’t) and it auto-rejected it. I had to email it while everyone else walked out.",pace_too_fast|workload_heavy|fairness_issue,mid,,,,,,,,,,,,,,,I was the only one who got locked out after hitting submit because the portal thought my file name had an emoji (it didn’t) and it auto-rejected it,,feedback_3.csv,p000052
253,name_only,2026Summer,HS205,Global Health Policy,Diego Alvarez,The readings are endless and the essay prompts are weirdly vague. I swapped outlines with Leila Nguyen and we both got conflicting feedback on the same structure. Felt unfair and exhausting.,workload_heavy|assignment_unclear|fairness_issue,high,,Leila Nguyen,,,,,,,,,,,,,,,feedback_3.csv,p000053
254,student_id,2025Fall,CF-210,Computational Folklore,Maya R. Brant,I’m 20253466 and honestly the course content felt kinda outdated for anything “computational.” Quizzes were confusing because the wording didn’t match the readings.,content_outdated|teaching_unclear|materials_poor,mid,,,,,,20253466.0,,,,,,,,,,,feedback_3.csv,p000054
255,social_handle,2026Spring,UG330,Database Systems,Nia Havel,UG330 projects ate my entire week. @sql_sleepless here—specs kept changing and the grading felt harsh for tiny formatting stuff.,workload_heavy|assignment_unclear|grading_harsh,high,,,,,,,,,@sql_sleepless,,,,,,,,feedback_3.csv,p000055
256,score_only,2024Winter,ED205,Teaching Practicum,Sofia Ren,Ended with 78. It’s a ton of busywork and the evaluation criteria weren’t explained clearly until super late.,workload_heavy|teaching_unclear|fairness_issue,mid,,,,78.0,,,,,,,,,,,,,feedback_3.csv,p000056
257,section_time_place,2026Spring,RS-799,Independent Study: Recursive Songwriting,K. O. Thales,"RS-799 Section IS2 at 6:00–7:00 PM in Studio N-9 sounded flexible, but feedback is super vague. The rubric is basically nonexistent so grading feels harsh out of nowhere.",teaching_unclear|grading_harsh|materials_poor,high,,,,,,,,,,Section IS2,6:00–7:00 PM,Studio N-9,,,,,feedback_3.csv,p000057
258,none,2025Fall,PH301,Statistical Mechanics,Zoe Park,"Honestly brutal. The lectures feel like they skip the steps, then the homework expects you to fill in an entire missing chapter. The midterm was a reality check in the worst way.",difficulty_high|teaching_unclear|exam_too_hard,high,,,,,,,,,,,,,,,,,feedback_3.csv,p000058
259,none,2025Spring,GS510,Advanced Research Seminar,Priya Len,"This seminar is a grind. The expectations for the paper are super strict, but the feedback is vague and arrives late, so you’re basically guessing what “rigor” means. I left most sessions stressed instead of clearer.",grading_harsh|workload_heavy|teaching_unclear,high,,,,,,,,,,,,,,,,,feedback_3.csv,p000059
260,combo_self_and_other_scores,2026Spring,RS501,Advanced Topology Seminar,Gareth M. Kline,I felt lost almost every session and the pacing is ridiculous for a seminar. I got 48 overall; my cohort mate Priya Soren got 62 and even she said it was confusing.,pace_too_fast|difficulty_high|teaching_unclear,high,,Priya Soren,,48.0,62.0,,,,,,,,,,,,feedback_3.csv,p000060
261,combo_unique_plus_location,2025Fall,HC410,Intro to Economic Thinking,Patricia Ames,"HC410 Section D1 at 2:00–3:15 in Marrow Lecture 4 is way too fast, and the midterm felt like a trick. I was the only student whose scantron got rejected because I used a mechanical pencil with pale graphite, so my answers came out “blank” on the first pass. Spent the whole week trying to fix it.",pace_too_fast|exam_too_hard|fairness_issue,high,,,,,,,,,,Section D1,2:00–3:15,Marrow Lecture 4,,,I was the only student whose scantron got rejected because I used a mechanical pencil with pale graphite,,feedback_3.csv,p000061
262,student_id,2025Fall,CMP101X,Introduction to Programming Concepts,Amena Parkash,"ID 20256730: labs were chaotic and the slides felt incomplete, so I spent more time googling than learning. Also the weekly workload was way heavier than I expected for an intro course.",slides_incomplete|workload_heavy|materials_poor,mid,,,,,,20256730.0,,,,,,,,,,,feedback_3.csv,p000062
263,student_id,2025Fall,ECO305X,Econometrics,Priya Nalav,"Student id 20251208: the grading felt harsh for tiny mistakes, like one sign error nukes the whole question. Lectures were fine but the assignments weren’t clear about what method they wanted.",grading_harsh|assignment_unclear|fairness_issue,mid,,,,,,20251208.0,,,,,,,,,,,feedback_3.csv,p000063
264,combo_self_and_other_scores,2026Spring,UG201,Statistical Mechanics II,Lian Zhou,"The notes are incomplete and it feels like the hard parts are left as “exercise for the reader.” I got 57 overall, and my friend Dante Kess got 41, so yeah… it’s rough.",materials_poor|slides_incomplete|difficulty_high,high,,Dante Kess,,57.0,41.0,,,,,,,,,,,,feedback_3.csv,p000064
265,combo_self_and_other_scores,2026Fall,CS330,Parallel Algorithms,Ethan Park,"Way too much content crammed into too little time, and the assignment instructions are messy. I got 66 on the final; my friend Sloane Wirth got 52 and we were both wrecked after it.",pace_too_fast|assignment_unclear|exam_too_hard,high,,Sloane Wirth,,66.0,52.0,,,,,,,,,,,,feedback_3.csv,p000065
266,combo_unique_plus_location,2026Spring,UG400,Environmental Statistics,Luca Moretti,"UG400 Section L2 at 11:00–12:15 in Northpine 204 was rough because the pace is insane and the slides are half-finished. On Homework 3, I was the only student whose CSV upload silently flipped all my negative signs into en dashes, so my regression output was nonsense. Got graded like I didn’t check anything.",pace_too_fast|slides_incomplete|grading_harsh,high,,,,,,,,,,Section L2,11:00–12:15,Northpine 204,,,I was the only student whose CSV upload silently flipped all my negative signs into en dashes,,feedback_3.csv,p000066
267,email,2024Fall,CS420,Systems Programming II,Hiro Tanek,"Projects are insanely time-consuming and the grading felt harsh even when the code worked. I left every deadline stressed out—if you want to compare notes, ping me at lee.warren24@example.edu.",workload_heavy|grading_harsh|fairness_issue,mid,,,,,,,lee.warren24@example.edu,,,,,,,,,,feedback_3.csv,p000067
268,combo_self_and_other_scores,2026Fall,AR205,Landscape Painting Studio,Mina Ortega,"Critiques are intense and the grading feels super subjective. I got 90, but my friend Kai Linton got 97 with what looked like the same level of effort.",fairness_issue|grading_harsh,high,,Kai Linton,,90.0,97.0,,,,,,,,,,,,feedback_3.csv,p000068
269,unique_event,2026Spring,RS-799,Independent Study: Recursive Songwriting,K. O. Thales,"Cool idea but the expectations were weirdly unclear and the feedback was sparse. For the portfolio review, I was the only student asked to perform my recursion exercise twice because the instructor’s metronome app randomly jumped from 120 to 17 BPM mid-take and they thought I messed up. It was awkward and felt unfair.",assignment_unclear|teaching_unclear|fairness_issue,mid,,,,,,,,,,,,,,,I was the only student asked to perform my recursion exercise twice because the instructor’s metronome app randomly jumped from 120 to 17 BPM mid-take and they thought I messed up,,feedback_3.csv,p000069
270,dorm_room,2025Fall,CMP101X,Introduction to Programming Concepts,Amena Parkash,"In Maple Court Dorm, room 3B, I basically lived in the lab this term. The pace is brutal and the assignments jump difficulty out of nowhere. I’m salty because the grading feels harsh even when the code works.",pace_too_fast|assignment_unclear|grading_harsh,mid,,,,,,,,,,,,,Maple Court Dorm,room 3B,,,feedback_3.csv,p000070
271,section_time_place,2024Fall,CS420,Systems Programming II,Hiro Tanek,CS420 Section 01 meets 8:30–9:45 AM in Lab T-16 and I regret picking the early slot. Projects are a mess spec-wise and grading feels harsh even when your code works.,assignment_unclear|grading_harsh|difficulty_high,high,,,,,,,,,,Section 01,8:30–9:45 AM,Lab T-16,,,,,feedback_3.csv,p000071
272,social_handle,2026Spring,UG210,Microeconomics,Tomas Edrich,UG210 made my brain melt. @marginal_mess—lectures jumped between topics super fast and the midterm felt like it came from a different class.,pace_too_fast|teaching_unclear|exam_too_hard,high,,,,,,,,,@marginal_mess,,,,,,,,feedback_3.csv,p000072
273,score_only,2025Summer,BI214,Cell Physiology Lab,Nora G. Patel,"Walked out with a 72. Labs took forever and the instructions were messy, so you spent more time guessing than learning.",workload_heavy|materials_poor|assignment_unclear,mid,,,,72.0,,,,,,,,,,,,,feedback_3.csv,p000073
274,combo_unique_plus_location,2025Summer,BI214,Cell Physiology Lab,Nora G. Patel,"BI214 Section P1 at 8:00–10:50 in Lab Annex 12 is exhausting and super strict on writeups. During the osmolarity lab, I was the only student whose centrifuge tube cap popped off mid-spin and splattered my pellet, and they still graded it like “should’ve planned better.” Honestly felt harsh.",workload_heavy|grading_harsh|fairness_issue,high,,,,,,,,,,Section P1,8:00–10:50,Lab Annex 12,,,I was the only student whose centrifuge tube cap popped off mid-spin and splattered my pellet,,feedback_3.csv,p000074
275,email,2025Fall,CMP101X,Introduction to Programming Concepts,Amena Parkash,Labs ramp up fast and the weekly workload sneaks up on you. I wish the examples were clearer because I kept getting stuck on tiny syntax stuff—reach me at noah.kim26@example.edu if you want to form a study group.,workload_heavy|pace_too_fast|materials_poor,mid,,,,,,,noah.kim26@example.edu,,,,,,,,,,feedback_3.csv,p000075
276,combo_scores_plus_location,2025Fall,PSY150X,Cognitive Psychology,Mika Ren,"PSY150X Section L2 felt brutal. I got 68 on the midterm, but my friend Talia Bren got 52. Meet time was Tue 10:30am in Hall C, Room 204 and the lectures still felt all over the place.",exam_too_hard|teaching_unclear|pace_too_fast,high,,Talia Bren,,68.0,52.0,,,,,Section L2,Tue 10:30am,"Hall C, Room 204",,,,,feedback_3.csv,p000076
277,email,2025Spring,CS220,Databases and Applications,Liam Crest,Lectures were kind of hard to follow and the assignment instructions felt vague until the last minute. I spent more time guessing requirements than building—email me at priya.shah28@example.edu if you found a better way to interpret the rubrics.,teaching_unclear|assignment_unclear|slides_incomplete,mid,,,,,,,priya.shah28@example.edu,,,,,,,,,,feedback_3.csv,p000077
278,unique_event,2024Spring,PH330,Quantum Concepts,Anika Voss,"The lectures jumped steps and the slides didn’t help much. During the final, I was the only person told to redo Q2 on a separate answer booklet because my first booklet had a staple misfire that tore out the corner of every page. It made me panic and I lost time.",teaching_unclear|slides_incomplete|exam_too_hard,mid,,,,,,,,,,,,,,,I was the only person told to redo Q2 on a separate answer booklet because my first booklet had a staple misfire that tore out the corner of every page,,feedback_3.csv,p000078
279,combo_scores_plus_location,2025Spring,MG150,Principles of Management,Anika Verma,"MG150 Section H1 group project grading was kind of a mess. I got 86 on the midterm, but my friend Soren Pike got 93 and we studied the same notes. Class time is Fri 11:00am in Commerce Hall, Room 210.",fairness_issue|grading_harsh,high,,Soren Pike,,86.0,93.0,,,,,Section H1,Fri 11:00am,"Commerce Hall, Room 210",,,,,feedback_3.csv,p000079
280,combo_unique_plus_location,2025Spring,CS220,Databases and Applications,Liam Crest,"CS220 Section C7 at 4:00–5:15 in Copper Lab 3 is a workload monster, and lectures jump around. In the final, I was the only one whose question sheet was missing page 2, so I sat there thinking everyone else was on a different exam. By the time they brought a copy, I was cooked.",workload_heavy|teaching_unclear|exam_too_hard,high,,,,,,,,,,Section C7,4:00–5:15,Copper Lab 3,,,I was the only one whose question sheet was missing page 2,,feedback_3.csv,p000080
281,combo_scores_plus_location,2025Spring,CS220,Databases and Applications,Liam Crest,"CS220 Section P4 project pacing is insane, we were drowning by week 3. I got 84 on the checkpoint, and my teammate Mira Sol got 63. We meet Wed 9:00am in Data Center Building, Room 3B.",workload_heavy|pace_too_fast|difficulty_high,high,,Mira Sol,,84.0,63.0,,,,,Section P4,Wed 9:00am,"Data Center Building, Room 3B",,,,,feedback_3.csv,p000081
282,combo_scores_plus_location,2025Summer,BI214,Cell Physiology Lab,Nora G. Patel,"BI214 Section S7 is exhausting and the lab manual is sloppy. I got 73 on Quiz 2, and my labmate Keira Dune got 61. We meet Mon 8:00am in Life Sciences Lab, Bench Room 5.",workload_heavy|materials_poor|difficulty_high,high,,Keira Dune,,73.0,61.0,,,,,Section S7,Mon 8:00am,"Life Sciences Lab, Bench Room 5",,,,,feedback_3.csv,p000082
283,both_score_and_name,2025Fall,BIO220L,Molecular Biology Lab,Junia Calder,"I pulled an 81 but it was way more work than a 1-credit vibe, like nonstop writeups. Theo Maren thought the TA feedback was vague and that made revisions a headache.",workload_heavy|ta_support_poor|materials_poor,high,,Theo Maren,,81.0,,,,,,,,,,,,,feedback_3.csv,p000083
284,score_only,2026Fall,PH230,Electrodynamics,Helga Brenn,I worked my tail off and still ended with 58. Lectures felt rushed and the homework didn’t prep me for the exam at all.,pace_too_fast|exam_too_hard|workload_heavy,mid,,,,58.0,,,,,,,,,,,,,feedback_3.csv,p000084
285,combo_scores_plus_location,2025Fall,CMP101X,Introduction to Programming Concepts,Amena Parkash,"CMP101X Section B1 is a grind and the lab instructions are weirdly vague. I got 91 on Lab 3, and my lab partner Juno Karr got 77. Class is Thu 2:00pm in Tech Annex 1, Lab 12.",assignment_unclear|workload_heavy|slides_incomplete,high,,Juno Karr,,91.0,77.0,,,,,Section B1,Thu 2:00pm,"Tech Annex 1, Lab 12",,,,,feedback_3.csv,p000085
286,combo_self_and_other_scores,2026Fall,CS330,Parallel Algorithms,Ethan Park,"The projects are cool but the grading feels super harsh for tiny mistakes. I ended with 73, while my teammate Jessa Holt ended with 88 doing basically the same work, which feels off.",grading_harsh|fairness_issue|workload_heavy,high,,Jessa Holt,,73.0,88.0,,,,,,,,,,,,feedback_3.csv,p000086
287,dorm_room,2026Spring,RS501,Advanced Topology Seminar,Gareth M. Kline,"Oak Terrace Dorm, room 9E has become my personal misery seminar. Gareth M. Kline expects you to present like a mini-expert with almost no guidance, and the pace is nonstop. It feels unfair when feedback is super minimal but the standards are sky-high.",difficulty_high|pace_too_fast|fairness_issue,high,,,Gareth M. Kline,,,,,,,,,,Oak Terrace Dorm,room 9E,,,feedback_3.csv,p000087
288,combo_self_and_other_scores,2026Spring,UG400,Environmental Statistics,Luca Moretti,Homework takes forever and the slides skip steps like we’re supposed to read minds. I got 68; my study buddy Theo Raines got 75 and we both felt blindsided by the midterm style.,slides_incomplete|workload_heavy|exam_too_hard,high,,Theo Raines,,68.0,75.0,,,,,,,,,,,,feedback_3.csv,p000088
289,combo_self_and_other_scores,2026Summer,HS205,Global Health Policy,Diego Alvarez,"The readings pile up fast and the essay prompts are weirdly vague. I got 79, but my friend Lena Quill got 91 and we still couldn’t figure out what the rubric wanted.",workload_heavy|assignment_unclear|grading_harsh,high,,Lena Quill,,79.0,91.0,,,,,,,,,,,,feedback_3.csv,p000089
290,phone,2025Fall,SYN-101,Introduction to Medieval Widgets,Arielle M. Rune,"SYN-101 has a silly title but the workload is no joke. Slides felt incomplete so I spent way too long hunting info from random readings. If you made a decent study guide, please text +1-555-0126.",workload_heavy|slides_incomplete|materials_poor,mid,,,,,,,,+1-555-0126,,,,,,,,,feedback_3.csv,p000090
291,unique_event,2025Summer,PS330,Research Methods,Elena Rossi,"The paper rubric was confusing and the grading felt all over the place. I was the only student whose draft got marked as ""missing citations"" because the reference manager exported everything in small caps and the checker treated it like plain text. I had to resubmit screenshots to prove the sources existed.",assignment_unclear|grading_harsh|fairness_issue,mid,,,,,,,,,,,,,,,"I was the only student whose draft got marked as ""missing citations"" because the reference manager exported everything in small caps and the checker treated it like plain text",,feedback_3.csv,p000091
292,section_time_place,2025Fall,CMP101X,Introduction to Programming Concepts,Amena Parkash,CMP101X Section L5 at 11:00 AM–12:15 PM in Hall M-110 is chaos if you're brand new. The pace is too fast and the slides feel incomplete compared to the lab tasks.,pace_too_fast|slides_incomplete|difficulty_high,high,,,,,,,,,,Section L5,11:00 AM–12:15 PM,Hall M-110,,,,,feedback_3.csv,p000092
293,combo_self_and_other_scores,2026Spring,ED410,Curriculum Theory Seminar,Owen Li,"Discussions are interesting but the expectations for the papers are not clear at all. I got 70, and my classmate Maren Doyle got 84 even though we followed the same outline format.",assignment_unclear|grading_harsh|teaching_unclear,high,,Maren Doyle,,70.0,84.0,,,,,,,,,,,,feedback_3.csv,p000093
294,accommodation,2025Winter,TH-330,Applied Thermodynamics,Elijah K. Sorn,"Labs took forever and the lab manual felt incomplete, so we kept redoing calculations. I need flexible attendance accommodations for chronic migraine days, and the policy still docked points when I missed a lab.",workload_heavy|slides_incomplete|fairness_issue,mid,,,,,,,,,,,,,,,,"I need flexible attendance accommodations for chronic migraine days, and the policy still docked points when I missed a lab.",feedback_3.csv,p000094
295,name_only,2026Spring,UG498,Quantum Algorithms,Rafael Miron,Wildly difficult and the slides didn’t help much. I worked with Theo Ramirez on the project and we spent hours just decoding what was expected. Grading felt harsh for how unclear the rubric was.,difficulty_high|slides_incomplete|grading_harsh,high,,Theo Ramirez,,,,,,,,,,,,,,,feedback_3.csv,p000095
296,both_score_and_name,2025Fall,CF-210,Computational Folklore,Maya R. Brant,Finished with 72 but the project rubrics were a mess and I lost points for stuff that wasn’t mentioned. Juno Sato was also frustrated because the slides missed key steps.,assignment_unclear|slides_incomplete|fairness_issue,high,,Juno Sato,,72.0,,,,,,,,,,,,,feedback_3.csv,p000096
297,both_score_and_name,2025Fall,MT201,Foundations of Calculus,Evan Kaito,Got a 71 and it felt like sprinting every week. Mila Hartwell kept asking what was even on the quizzes because the pacing was brutal.,pace_too_fast|workload_heavy|assignment_unclear,high,,Mila Hartwell,,71.0,,,,,,,,,,,,,feedback_3.csv,p000097
298,student_id,2025Fall,UG301,Advanced Algorithms,Rina Kovac,Student ID 20250173 here—this class humbled me hard. Homework felt like riddles with missing steps and the pace never let up.,difficulty_high|pace_too_fast|assignment_unclear,mid,,,,,,20250173.0,,,,,,,,,,,feedback_3.csv,p000098
299,accommodation,2025Fall,UGF201,Abstract Algebra I,Tamsin Qori,"Lecture explanations felt super abstract without enough examples, and the pace ramped up fast after week 2. I have anxiety accommodations and need a quiet testing room, but the practice exams didn’t match the real exam vibe at all.",teaching_unclear|pace_too_fast|exam_too_hard,mid,,,,,,,,,,,,,,,,"I have anxiety accommodations and need a quiet testing room, but the practice exams didn’t match the real exam vibe at all.",feedback_3.csv,p000099
300,combo_self_and_other_scores,2025Fall,ECO305X,Econometrics,Priya Nalav,I got 64 on the final and my friend Pax Noren got 71. I wish the practice problems matched the exam style more closely.,materials_poor|exam_too_hard,low,,Pax Noren,,64.0,71.0,,,,,,,,,,,,feedback_4.csv,p000000
301,section_time_place,2025Fall,CMP101X,Introduction to Programming Concepts,Amena Parkash,"CMP101X Section D labs were helpful, but the midterm review didn’t match the actual difficulty. The 8:00 AM–9:15 AM lecture in Room C109 left me wishing for more worked examples.",exam_too_hard|teaching_unclear,low,,,,,,,,,,Section D,8:00 AM–9:15 AM,Room C109,,,,,feedback_4.csv,p000001
302,combo_unique_plus_location,2026Spring,UG400,Environmental Statistics,Luca Moretti,"UG400 is practical, but the homework wording can be confusing. In Section P5 on Mon 08:00–09:15 in Room F-120, my HW2 upload was the only one marked ""corrupt"" because my CSV had a single non-breaking space in the header ""NO2"" after copying from a field sensor log.",assignment_unclear|difficulty_high,low,,,,,,,,,,Section P5,Mon 08:00–09:15,Room F-120,,,"my HW2 upload was the only one marked ""corrupt"" because my CSV had a single non-breaking space in the header ""NO2"" after copying from a field sensor log",,feedback_4.csv,p000002
303,student_id,2026Spring,BT-S01,Seminar in Speculative Botany,Prof. Linnea Sparrow,"I’m 20250147. Fun discussions, but participation grading feels a little subjective and I’m not sure how to improve week to week.",fairness_issue|teaching_unclear,low,,,,,,20250147.0,,,,,,,,,,,feedback_4.csv,p000003
304,score_only,2025Spring,CS220,Databases and Applications,Liam Crest,Projects were cool but the grading felt nitpicky. Ended with 73 and I still don’t know what the TA wanted on the rubric.,grading_harsh|ta_support_poor,low,,,,73.0,,,,,,,,,,,,,feedback_4.csv,p000004
305,accommodation,2025Winter,EC410,Global Markets and Policy,Rafael Orme,"The readings are heavy and the grading feels strict for how vague the essay rubric is. I have reduced-distraction testing as an accommodation, and I’m anxious about where the midterm will be arranged.",workload_heavy|grading_harsh|fairness_issue,low,,,,,,,,,,,,,,,,reduced-distraction testing as an accommodation,feedback_4.csv,p000005
306,student_id,2026Spring,UG330,Database Systems,Nia Havel,I’m 20259022 and the projects take forever compared to what the rubric suggests. Grading felt a bit harsh on tiny formatting stuff.,workload_heavy|grading_harsh|fairness_issue,low,,,,,,20259022.0,,,,,,,,,,,feedback_4.csv,p000006
307,phone,2025Fall,ECO305X,Econometrics,Priya Nalav,"Econometrics moved way faster than I expected and I kept getting stuck on the problem sets. If anyone wants to compare notes, text me at +1-555-0107.",pace_too_fast|assignment_unclear|workload_heavy,low,,,,,,,,+1-555-0107,,,,,,,,,feedback_4.csv,p000007
308,combo_unique_plus_location,2025Winter,EC410,Global Markets and Policy,Rafael Orme,"EC410 has a lot of reading and the essay rubric feels a bit fuzzy. In Section S3 on Fri 10:00–11:50 in Seminar Room D-204, my Essay 1 got returned with the comment meant for someone writing about ""copper tariffs"" even though mine was on fisheries quotas, and I had to request a regrade.",workload_heavy|grading_harsh,low,,,,,,,,,,Section S3,Fri 10:00–11:50,Seminar Room D-204,,,"my Essay 1 got returned with the comment meant for someone writing about ""copper tariffs"" even though mine was on fisheries quotas, and I had to request a regrade",,feedback_4.csv,p000008
309,dorm_room,2026Spring,UG301,Introductory Robotics,Marin Osei,"Doing UG301 lab writeups from Harbor Dorm, room 502. The automated labs are cool but when they break, TA help feels slow and you lose time fast.",ta_support_poor|workload_heavy,low,,,,,,,,,,,,,Harbor Dorm,room 502,,,feedback_4.csv,p000009
310,email,2025Fall,CF-210,Computational Folklore,Maya R. Brant,"Loved the project themes but the instructions were kinda vague, so I spent way too long guessing what counted. If anyone has a clean checklist, email me at riley.hart27@example.edu.",assignment_unclear|workload_heavy,low,,,,,,,riley.hart27@example.edu,,,,,,,,,,feedback_4.csv,p000010
311,score_only,2025Winter,ED102,Foundations of Play,Sofia Varela,"Sweet class, but some project instructions were vague and changed mid-stream. I got 90 and mostly relied on guessing the vibe.",assignment_unclear,low,,,,90.0,,,,,,,,,,,,,feedback_4.csv,p000011
312,section_time_place,2026Fall,BI220,Cell Biology,Hiro Tan,"BI220 Section L1 had interesting labs, but the lab manual is kind of messy. Our 3:30 PM–6:20 PM lab in Bio Lab G07 ran over a lot and the slides didn’t match the procedures.",materials_poor|slides_incomplete|workload_heavy,low,,,,,,,,,,Section L1,3:30 PM–6:20 PM,Bio Lab G07,,,,,feedback_4.csv,p000012
313,section_time_place,2025Summer,PS330,Research Methods,Elena Rossi,PS330 Section A is manageable but the grading felt stricter than expected. I attended the 6:00 PM–8:30 PM slot in Seminar Room D12 and the feedback was short for how long the assignments are.,grading_harsh|workload_heavy,low,,,,,,,,,,Section A,6:00 PM–8:30 PM,Seminar Room D12,,,,,feedback_4.csv,p000013
314,student_id,2026Summer,HS205,Global Health Policy,Diego Alvarez,"ID 20257603. Readings are good but there are so many of them that I’m always behind, and the essay expectations could be clearer.",workload_heavy|assignment_unclear,low,,,,,,20257603.0,,,,,,,,,,,feedback_4.csv,p000014
315,unique_event,2025Summer,BI230,Ecology and Field Methods,Derek Malle,"Loved the outdoor labs, but the logistics can get chaotic. I was the only person whose soil sample bag split and the label floated away in the cooler, so my whole transect had to be re-done.",workload_heavy|pace_too_fast,low,,,,,,,,,,,,,,,I was the only person whose soil sample bag split and the label floated away in the cooler,,feedback_4.csv,p000015
316,social_handle,2025Fall,HC410,Intro to Economic Thinking,Patricia Ames,"HC410 is interesting but the pace jumps fast after week 3. I’m keeping a running glossary on my own; if you’re taking it too, I’m @econ_notes_kit.",pace_too_fast|workload_heavy,low,,,,,,,,,@econ_notes_kit,,,,,,,,feedback_4.csv,p000016
317,combo_self_and_other_scores,2025Spring,AR110,Intro to Creative Workshops,Lina Barros,"I got 93 on the portfolio, and my friend Juno Vale got 86. Critiques were helpful, but the assignment prompts sometimes felt vague.",assignment_unclear,low,,Juno Vale,,93.0,86.0,,,,,,,,,,,,feedback_4.csv,p000017
318,combo_self_and_other_scores,2026Spring,UG498,Quantum Algorithms,Rafael Miron,"I got 53 on the final, but my study partner Arin Wex got 48. I kept getting lost because explanations jumped steps on the board.",teaching_unclear|difficulty_high,low,,Arin Wex,,53.0,48.0,,,,,,,,,,,,feedback_4.csv,p000018
319,combo_unique_plus_location,2025Fall,MT201,Foundations of Calculus,Evan Kaito,"MT201 lectures are fine but the exams feel harsher than the practice set. In Section D1 on Mon 14:00–15:15 in Hall C-103, I was the only one whose midterm booklet printed with page 4 duplicated and page 5 missing, so my solution to Q2 got split across the wrong pages.",exam_too_hard|grading_harsh,low,,,,,,,,,,Section D1,Mon 14:00–15:15,Hall C-103,,,"I was the only one whose midterm booklet printed with page 4 duplicated and page 5 missing, so my solution to Q2 got split across the wrong pages",,feedback_4.csv,p000019
320,social_handle,2025Fall,HFA210,Contemporary Film Appreciation,Jonas Evert,"Loved the screenings, but the essay prompts felt a bit vague and I second-guessed what “analysis” meant. If anyone wants to swap outlines, I’m @framebyframe_sam.",assignment_unclear|teaching_unclear,low,,,,,,,,,@framebyframe_sam,,,,,,,,feedback_4.csv,p000020
321,score_only,2025Fall,ART101X,Introduction to Pottery,Marlo Finch,"Fun studio vibe, but the workload is heavier than it looks because everything takes time to dry/fire. I got 86 and still felt rushed every week.",workload_heavy,low,,,,86.0,,,,,,,,,,,,,feedback_4.csv,p000021
322,social_handle,2026Spring,UG201,Statistical Mechanics II,Lian Zhou,UG201 is honestly brutal; the problem sets take forever and I’m still lost on half the derivations. I’m trying to compile a clean set of notes at @statmech_mina.,difficulty_high|workload_heavy|teaching_unclear,low,,,,,,,,,@statmech_mina,,,,,,,,feedback_4.csv,p000022
323,combo_self_and_other_scores,2026Spring,SM102,Quantum Foundations,Ibrahim Noor,"I got 44 on the final, and my study buddy Talia Renn got 51. The problem sets were so abstract that I never felt sure what method they wanted.",teaching_unclear|difficulty_high,low,,Talia Renn,,44.0,51.0,,,,,,,,,,,,feedback_4.csv,p000023
324,combo_scores_plus_location,2026Fall,CS330,Parallel Algorithms,Ethan Park,"CS330 lectures were clear but the midterm grading felt strict. I got 69, and my project partner Tessa Venn got 81. Section A5, class time Thu 10:00–11:15, in Room K-402.",grading_harsh|difficulty_high,low,,Tessa Venn,,69.0,81.0,,,,,Section A5,Thu 10:00–11:15,Room K-402,,,,,feedback_4.csv,p000024
325,none,2025Fall,PH301,Statistical Mechanics,Zoe Park,PH301 is honestly tough. The lectures moved fast and I spent way more time on problem sets than I expected.,difficulty_high|pace_too_fast|workload_heavy,low,,,,,,,,,,,,,,,,,feedback_4.csv,p000025
326,none,2025Fall,PSY150X,Cognitive Psychology,Mika Ren,PSY150X content is interesting but the exams felt harder than the practice questions. Sometimes I left lecture unsure what was “testable.”,exam_too_hard|teaching_unclear,low,,,,,,,,,,,,,,,,,feedback_4.csv,p000026
327,combo_self_and_other_scores,2025Summer,BI230,Ecology and Field Methods,Derek Malle,"I got 88 on the lab reports, and my teammate Nia Corven got 77. Super fun fieldwork, but the workload piles up fast when reports stack.",workload_heavy,low,,Nia Corven,,88.0,77.0,,,,,,,,,,,,feedback_4.csv,p000027
328,unique_event,2025Fall,CMP101X,Introduction to Programming Concepts,Amena Parkash,"Content is fine but the tooling is kind of unforgiving. the Lab 3 autograder marked every line as invisible characters even though it ran locally, and it took forever to figure out what happened.",assignment_unclear|grading_harsh,low,,,,,,,,,,,,,,,the Lab 3 autograder marked every line as invisible characters,,feedback_4.csv,p000028
329,unique_event,2025Fall,PH301,Statistical Mechanics,Zoe Park,Lectures are solid but the exams are brutal if you fall behind. I was the only student asked to redo problem 2 on the board because my answer sheet had coffee rings over the barcode.,exam_too_hard|difficulty_high,low,,,,,,,,,,,,,,,I was the only student asked to redo problem 2 on the board because my answer sheet had coffee rings over the barcode,,feedback_4.csv,p000029
330,both_score_and_name,2025Fall,PH301,Statistical Mechanics,Zoe Park,"Got 66, but I still felt like the pace was too fast for a big lecture. Kai Ember told me the slides were missing steps so we kept guessing in homework.",pace_too_fast|slides_incomplete|workload_heavy,low,,Kai Ember,,66.0,,,,,,,,,,,,,feedback_4.csv,p000030
331,section_time_place,2026Summer,PSY-X12,Introduction to Dream Interpretation,Noam L. Berri,"PSY-X12 Section Evening was chill, but the lecture slides felt incomplete. I went to the 7:00 PM–8:45 PM sessions in Room H108 and ended up relying on my own notes a lot.",slides_incomplete|materials_poor,low,,,,,,,,,,Section Evening,7:00 PM–8:45 PM,Room H108,,,,,feedback_4.csv,p000031
332,combo_self_and_other_scores,2026Spring,UG498,Quantum Algorithms,Rafael Miron,"I got 47 on the midterm, while my project partner Soren Ilyx got 62. Concepts jump from math to circuits really fast and the slides felt incomplete.",pace_too_fast|slides_incomplete,low,,Soren Ilyx,,47.0,62.0,,,,,,,,,,,,feedback_4.csv,p000032
333,social_handle,2026Spring,UG400,Environmental Statistics,Luca Moretti,"UG400 has cool case studies but the slides are kind of incomplete, so I had to stitch together concepts from the textbook. I’m posting summaries as @envstats_ro.",slides_incomplete|materials_poor,low,,,,,,,,,@envstats_ro,,,,,,,,feedback_4.csv,p000033
334,accommodation,2026Spring,UG101,Foundations of Art History,Priya Anand,"Lectures are engaging, but the slide images are low-res and it makes studying harder. I use screen-reader compatible PDFs as an accommodation, and some readings aren’t accessible until someone asks.",materials_poor|slides_incomplete|teaching_unclear,low,,,,,,,,,,,,,,,,screen-reader compatible PDFs as an accommodation,feedback_4.csv,p000034
335,combo_unique_plus_location,2026Spring,UG498,Quantum Algorithms,Rafael Miron,"UG498 is brutal but kind of fascinating if you keep up. In Section Q2 on Tue 18:00–19:30 in Lab E-011, my project demo was the only one that failed because the department laptop had its system clock set to 1970, so my verifier rejected every signature as ""expired"".",difficulty_high|pace_too_fast,low,,,,,,,,,,Section Q2,Tue 18:00–19:30,Lab E-011,,,"my project demo was the only one that failed because the department laptop had its system clock set to 1970, so my verifier rejected every signature as ""expired""",,feedback_4.csv,p000035
336,unique_event,2025Fall,BIO220L,Molecular Biology Lab,Junia Calder,"Lab days are engaging, but the report deadlines stack up fast. my gel image was the only one where the ladder lane was cropped out by the microscope software, so my whole quant section had to be rewritten.",workload_heavy|grading_harsh,low,,,,,,,,,,,,,,,my gel image was the only one where the ladder lane was cropped out by the microscope software,,feedback_4.csv,p000036
337,score_only,2026Spring,SM102,Quantum Foundations,Ibrahim Noor,Interesting topics but the problem sets escalated fast. I got 48 and it was mostly me guessing what counts as a complete solution.,difficulty_high|assignment_unclear,low,,,,48.0,,,,,,,,,,,,,feedback_4.csv,p000037
338,combo_scores_plus_location,2025Fall,CF-210,Computational Folklore,Maya R. Brant,"CF-210 was fun but grading felt a bit harsh on the writeups. I got 74 and my teammate Kian Dorsey got 66. I’m in Section P4, class time Wed 16:00–17:15, in Room F-310.",grading_harsh|fairness_issue,low,,Kian Dorsey,,74.0,66.0,,,,,Section P4,Wed 16:00–17:15,Room F-310,,,,,feedback_4.csv,p000038
339,phone,2025Fall,BIO220L,Molecular Biology Lab,Junia Calder,"BIO220L labs take forever and the rubric feels super strict, even when the data is decent. If you found a good template for reports, please text +1-555-0119.",workload_heavy|grading_harsh,low,,,,,,,,+1-555-0119,,,,,,,,,feedback_4.csv,p000039
340,name_only,2026Spring,UG498,Quantum Algorithms,Rafael Miron,"UG498 is brutal if you don’t already know the math. Omar said the lectures made sense to him, but for me they were pretty unclear.",difficulty_high|teaching_unclear|pace_too_fast,low,,Omar,,,,,,,,,,,,,,,feedback_4.csv,p000040
341,score_only,2025Fall,PH301,Statistical Mechanics,Zoe Park,"I thought I understood the lectures, then the midterm wrecked me. I got 62 and it felt like the problems were a different class.",exam_too_hard|pace_too_fast,low,,,,62.0,,,,,,,,,,,,,feedback_4.csv,p000041
342,dorm_room,2026Summer,PSY-X12,Introduction to Dream Interpretation,Noam L. Berri,"Taking PSY-X12 from Aspen Hall, room 11. Fun topic, but the lecture explanations sometimes feel fuzzy and the materials could be better organized.",teaching_unclear|materials_poor,low,,,,,,,,,,,,,Aspen Hall,room 11,,,feedback_4.csv,p000042
343,combo_self_and_other_scores,2026Spring,SM102,Quantum Foundations,Ibrahim Noor,"I got 52 on the problem sets overall, and my friend Cora Denvy got 39. The workload was heavy for a seminar, and the handouts weren’t super clear.",workload_heavy|materials_poor,low,,Cora Denvy,,52.0,39.0,,,,,,,,,,,,feedback_4.csv,p000043
344,dorm_room,2026Fall,CS330,Parallel Algorithms,Ethan Park,"Watching lectures for CS330 in Juniper House, room 3B. The pace ramps up fast and the slides feel a bit incomplete, so I spend a lot of time chasing details elsewhere.",pace_too_fast|slides_incomplete,low,,,,,,,,,,,,,Juniper House,room 3B,,,feedback_4.csv,p000044
345,section_time_place,2025Fall,CMP101X,Introduction to Programming Concepts,Amena Parkash,"CMP101X Section B felt rushed, especially in the second half. I went to the 10:30 AM–11:45 AM class in Room C214 and still felt behind after each lab.",pace_too_fast|workload_heavy,low,,,,,,,,,,Section B,10:30 AM–11:45 AM,Room C214,,,,,feedback_4.csv,p000045
346,accommodation,2026Summer,AL-502,Algebraic Palindromes,Renata F. Qiu,"Cool topic, but the homework prompts are cryptic and I spend way too long guessing what’s being asked. I have permission to record lectures for note-taking, and I’d appreciate if the instructor reminded the class it’s allowed.",assignment_unclear|workload_heavy|teaching_unclear,low,,,,,,,,,,,,,,,,permission to record lectures for note-taking,feedback_4.csv,p000046
347,section_time_place,2024Winter,ED205,Teaching Practicum,Sofia Ren,"ED205 Section 2 was valuable, but the expectations changed week to week. In the 9:00 AM–10:50 AM block in Lab Classroom E05, it wasn’t always clear what counted as a “complete” reflection.",teaching_unclear|fairness_issue,low,,,,,,,,,,Section 2,9:00 AM–10:50 AM,Lab Classroom E05,,,,,feedback_4.csv,p000047
348,combo_self_and_other_scores,2026Summer,AL-502,Algebraic Palindromes,Renata F. Qiu,"I got 66 on the final, and my classmate Veda Lin got 73. Cool topic, but the midterm-to-final jump in difficulty was rough.",difficulty_high|exam_too_hard,low,,Veda Lin,,66.0,73.0,,,,,,,,,,,,feedback_4.csv,p000048
349,unique_event,2025Spring,MG150,Principles of Management,Anika Verma,"Pretty approachable class, but the project instructions felt vague until the last minute. our slide deck got auto-renamed to FINAL_FINAL by the upload portal and it overwrote our actual final file, so we had to email a resubmission.",assignment_unclear|fairness_issue,low,,,,,,,,,,,,,,,our slide deck got auto-renamed to FINAL_FINAL by the upload portal and it overwrote our actual final file,,feedback_4.csv,p000049
350,combo_unique_plus_location,2025Fall,CMP101X,Introduction to Programming Concepts,Amena Parkash,"CMP101X is manageable but the labs ramp up fast. In Section L2 on Tue 09:30–10:45 in Room B-214, my Lab 3 autograder crashed only for my account because my file was named ""main .py"" with a hidden space.",pace_too_fast|workload_heavy,low,,,,,,,,,,Section L2,Tue 09:30–10:45,Room B-214,,,"my Lab 3 autograder crashed only for my account because my file was named ""main .py"" with a hidden space",,feedback_4.csv,p000050
351,accommodation,2025Fall,UG301,Advanced Algorithms,Rina Kovac,"I’m really struggling to keep up with the proofs and the pacing feels relentless. I have approved extended time on timed exams and I’m worried the logistics won’t be set up smoothly, so please coordinate early.",difficulty_high|pace_too_fast|exam_too_hard,low,,,,,,,,,,,,,,,,approved extended time on timed exams,feedback_4.csv,p000051
352,combo_self_and_other_scores,2026Spring,UG210,Microeconomics,Tomas Edrich,"I got 81 on the midterm, and my roommate Keon Sato got 69. Lectures were fine but some homework questions felt under-specified.",assignment_unclear,low,,Keon Sato,,81.0,69.0,,,,,,,,,,,,feedback_4.csv,p000052
353,email,2025Winter,TH-330,Applied Thermodynamics,Elijah K. Sorn,"The pace ramps up fast after the first lab, and I felt behind by midterm week. If you want to form a problem-set group, email devon.kim28@example.edu.",pace_too_fast|difficulty_high,low,,,,,,,devon.kim28@example.edu,,,,,,,,,,feedback_4.csv,p000053
354,score_only,2026Spring,ED410,Curriculum Theory Seminar,Owen Li,"Seminar discussions were good, but grading felt subjective across papers. I got 69 and the feedback didn’t explain how to improve.",fairness_issue|grading_harsh,low,,,,69.0,,,,,,,,,,,,,feedback_4.csv,p000054
355,combo_scores_plus_location,2025Fall,CMP101X,Introduction to Programming Concepts,Amena Parkash,"CMP101X labs were okay but the project specs were confusing. I got 84, and my lab partner Jonah Ivers got 73. Section L2 meets Thu 14:00–15:15 in Lab C-17.",assignment_unclear|workload_heavy,low,,Jonah Ivers,,84.0,73.0,,,,,Section L2,Thu 14:00–15:15,Lab C-17,,,,,feedback_4.csv,p000055
356,phone,2026Spring,UG330,Database Systems,Nia Havel,"UG330 projects are cool but the instructions feel incomplete, so I spent way too long guessing requirements. If you want to swap tips, text me at +1-555-0156.",slides_incomplete|assignment_unclear|workload_heavy,low,,,,,,,,+1-555-0156,,,,,,,,,feedback_4.csv,p000056
357,score_only,2026Spring,UG101,Foundations of Art History,Priya Anand,The slides felt incomplete and I was always chasing the textbook. I finished with 57 and the exam questions were oddly specific.,slides_incomplete|exam_too_hard,low,,,,57.0,,,,,,,,,,,,,feedback_4.csv,p000057
358,student_id,2025Fall,QMX350,Quantum Mechanics II,Levon Mirek,Posting this with my student id 20258341: the problem sets are brutal and the midterm felt way harder than the review. I wish the pacing slowed down a bit.,difficulty_high|pace_too_fast|exam_too_hard,low,,,,,,20258341.0,,,,,,,,,,,feedback_4.csv,p000058
359,unique_event,2025Fall,ECO305X,Econometrics,Priya Nalav,"Good material but the midterm felt rushed and picky. the midterm proctor stapled my pages in the wrong order, so I started on page 4 without noticing and lost a bunch of time.",pace_too_fast|exam_too_hard,low,,,,,,,,,,,,,,,"the midterm proctor stapled my pages in the wrong order, so I started on page 4 without noticing",,feedback_4.csv,p000059
360,section_time_place,2025Fall,UG310,Introductory Creativity Workshop,Amira Sol,UG310 Section 3 was fun but the prompts were sometimes vague. The 2:00 PM–3:15 PM meetings in Studio 1A could use clearer examples of what “done” looks like.,assignment_unclear|teaching_unclear,low,,,,,,,,,,Section 3,2:00 PM–3:15 PM,Studio 1A,,,,,feedback_4.csv,p000060
361,combo_scores_plus_location,2025Fall,SYN-101,Introduction to Medieval Widgets,Arielle M. Rune,"Loved the topic but the slides felt incomplete sometimes. I got 91, while my classmate Petra Sloane got 85. Section M1, class time Mon 11:00–12:15, Classroom W-12.",slides_incomplete|materials_poor,low,,Petra Sloane,,91.0,85.0,,,,,Section M1,Mon 11:00–12:15,Classroom W-12,,,,,feedback_4.csv,p000061
362,both_score_and_name,2026Spring,UG498,Quantum Algorithms,Rafael Miron,"Finished with 51 and I’m relieved but wow, the assignments were confusing. Nova Keene said the exam questions didn’t match the practice ones.",assignment_unclear|exam_too_hard|difficulty_high,low,,Nova Keene,,51.0,,,,,,,,,,,,,feedback_4.csv,p000062
363,combo_unique_plus_location,2025Fall,ENG404T,Advanced Technical Writing,Sera Holcomb,"ENG404T is helpful, but the portfolio instructions could be clearer. In Section W1 on Wed 16:00–17:15 in Studio 3F-22, I was the only student asked to resubmit Portfolio Draft 2 because my PDF exported with every figure caption shifted into the footer on just page 7.",assignment_unclear|fairness_issue,low,,,,,,,,,,Section W1,Wed 16:00–17:15,Studio 3F-22,,,I was the only student asked to resubmit Portfolio Draft 2 because my PDF exported with every figure caption shifted into the footer on just page 7,,feedback_4.csv,p000063
364,student_id,2026Spring,UG498,Quantum Algorithms,Rafael Miron,"My student id is 20254519. Cool topic, but the slides feel incomplete so I’m constantly hunting for missing steps in derivations.",slides_incomplete|materials_poor|teaching_unclear,low,,,,,,20254519.0,,,,,,,,,,,feedback_4.csv,p000064
365,student_id,2024Winter,ED205,Teaching Practicum,Sofia Ren,"Student number 20253388. Really meaningful practicum, but the feedback rubric changes week to week and it’s hard to know what “good” looks like.",assignment_unclear|fairness_issue,low,,,,,,20253388.0,,,,,,,,,,,feedback_4.csv,p000065
366,dorm_room,2026Spring,UG330,Database Systems,Nia Havel,"Grinding through UG330 from Cedar Hall, room 214. Projects are doable but the instructions feel kinda vague, so you end up guessing a lot.",assignment_unclear|workload_heavy,low,,,,,,,,,,,,,Cedar Hall,room 214,,,feedback_4.csv,p000066
367,student_id,2026Spring,RS-799,Independent Study: Recursive Songwriting,K. O. Thales,"Student ID 20259930. The idea is awesome, but the portfolio guidelines are super loose and I spent a lot of time guessing what to submit.",assignment_unclear|materials_poor,low,,,,,,20259930.0,,,,,,,,,,,feedback_4.csv,p000067
368,name_only,2026Fall,PH230,Electrodynamics,Helga Brenn,"PH230 moves super fast and the homework set is intense. Aria warned me the midterm would be rough, and yeah, it was.",pace_too_fast|workload_heavy|exam_too_hard,low,,Aria,,,,,,,,,,,,,,,feedback_4.csv,p000068
369,dorm_room,2025Winter,EC410,Global Markets and Policy,Rafael Orme,"I’m in Maple Court, room 17 and EC410 is a lot heavier than I expected. The exams pull super specific details from readings, and the grading feels strict.",exam_too_hard|grading_harsh|workload_heavy,low,,,,,,,,,,,,,Maple Court,room 17,,,feedback_4.csv,p000069
370,combo_self_and_other_scores,2025Fall,ECO305X,Econometrics,Priya Nalav,"I got 72 on the midterm, but my lab partner Oren Vask got 58. Grading felt picky on notation and the exam was longer than I expected.",grading_harsh|exam_too_hard,low,,Oren Vask,,72.0,58.0,,,,,,,,,,,,feedback_4.csv,p000070
371,combo_self_and_other_scores,2025Fall,UGF201,Abstract Algebra I,Tamsin Qori,"I got 55 on the final, and my classmate Elen Sorrel got 41. It felt like the grading was harsh on proofs even when the idea was right.",grading_harsh|difficulty_high,low,,Elen Sorrel,,55.0,41.0,,,,,,,,,,,,feedback_4.csv,p000071
372,dorm_room,2026Spring,LB220,Elementary Persian I,Omid Farrokh,"Studying vocab for LB220 in Willow Lodge, room 8. It’s a small class so participation pressure is real, and the pace can feel fast if you miss a day.",pace_too_fast|difficulty_high,low,,,,,,,,,,,,,Willow Lodge,room 8,,,feedback_4.csv,p000072
373,email,2025Summer,BI214,Cell Physiology Lab,Nora G. Patel,"The lab itself was cool, but the weekly writeups were a heavy lift on top of everything else. I’m swapping study guides at jordan.choi24@example.edu.",workload_heavy,low,,,,,,,jordan.choi24@example.edu,,,,,,,,,,feedback_4.csv,p000073
374,name_only,2025Fall,CMP101X,Introduction to Programming Concepts,Amena Parkash,"CMP101X is fine but the labs ramp up fast. Jayden kept explaining loops to me, which helped, but I still felt behind.",pace_too_fast|difficulty_high,low,,Jayden,,,,,,,,,,,,,,,feedback_4.csv,p000074
375,unique_event,2025Fall,CF-210,Computational Folklore,Maya R. Brant,"Super interesting topics, but the project rubric was a bit mushy. my classifier report got flagged because I trained on the instructor demo dataset twice and it produced the exact same confusion matrix as the example.",assignment_unclear|fairness_issue,low,,,,,,,,,,,,,,,my classifier report got flagged because I trained on the instructor demo dataset twice and it produced the exact same confusion matrix as the example,,feedback_4.csv,p000075
376,section_time_place,2026Spring,UG201,Statistical Mechanics II,Lian Zhou,UG201 Section 01 is intense and I struggled to keep up. The 1:00 PM–2:20 PM lectures in Hall F310 move fast and the problem sets feel like a big jump from the examples.,difficulty_high|pace_too_fast|assignment_unclear,low,,,,,,,,,,Section 01,1:00 PM–2:20 PM,Hall F310,,,,,feedback_4.csv,p000076
377,name_only,2026Spring,UG301,Introductory Robotics,Marin Osei,Robotics labs are fun but the workload is heavier than I expected. Nia and I spent all weekend debugging the lab template.,workload_heavy|assignment_unclear,low,,Nia,,,,,,,,,,,,,,,feedback_4.csv,p000077
378,both_score_and_name,2026Winter,MG409,Quantitative Finance,R. K. Omondi,I scored 59 and the problem sets were brutal if you fell behind even a week. Rowan Hale and I both thought the teaching was a bit unclear when new formulas showed up.,workload_heavy|teaching_unclear|difficulty_high,low,,Rowan Hale,,59.0,,,,,,,,,,,,,feedback_4.csv,p000078
379,accommodation,2026Fall,BI220,Cell Biology,Hiro Tan,"Labs are interesting but the instructions feel rushed and I’m never sure what’s expected in the write-ups. I have a note for flexible lab attendance due to a chronic condition, and it would help if makeup options were clearer.",assignment_unclear|workload_heavy|ta_support_poor,low,,,,,,,,,,,,,,,,a note for flexible lab attendance due to a chronic condition,feedback_4.csv,p000079
380,score_only,2025Spring,CS220,Databases and Applications,Liam Crest,"Content is useful, but the slides skip steps and I kept getting lost in lecture. I got 78 after grinding a ton on the project docs.",slides_incomplete|difficulty_high,low,,,,78.0,,,,,,,,,,,,,feedback_4.csv,p000080
381,score_only,2026Spring,UG210,Microeconomics,Tomas Edrich,"Lectures were clear, but the pace is relentless and you can’t fall behind on homework. I ended with 72 and the final was brutal.",pace_too_fast|exam_too_hard,low,,,,72.0,,,,,,,,,,,,,feedback_4.csv,p000081
382,social_handle,2026Summer,AL-502,Algebraic Palindromes,Renata F. Qiu,"AL-502 is a neat topic but the grading felt stricter than I expected for a summer class. If you’re taking it, I’m @palindrome_algebra and would love to compare solution styles.",grading_harsh|difficulty_high,low,,,,,,,,,@palindrome_algebra,,,,,,,,feedback_4.csv,p000082
383,name_only,2025Fall,ECO305X,Econometrics,Priya Nalav,"Econometrics with Priya Nalav is interesting, but grading felt kind of strict on the problem sets. Mira and I compared notes and still couldn’t tell what they wanted.",grading_harsh|assignment_unclear,low,,Mira,,,,,,,,,,,,,,,feedback_4.csv,p000083
384,combo_self_and_other_scores,2025Fall,UGF201,Abstract Algebra I,Tamsin Qori,"I got 49 on the midterm, and my friend Mira Jalen got 63. The material is interesting but the pace is just brutal if you miss one step.",pace_too_fast|difficulty_high,low,,Mira Jalen,,49.0,63.0,,,,,,,,,,,,feedback_4.csv,p000084
385,combo_scores_plus_location,2026Fall,PH230,Electrodynamics,Helga Brenn,"PH230 is tough and the homework takes forever. I got 64, and my classmate Selene Hart got 57. Section E2 meets Mon 15:00–16:15 in Room D-209.",difficulty_high|workload_heavy,low,,Selene Hart,,64.0,57.0,,,,,Section E2,Mon 15:00–16:15,Room D-209,,,,,feedback_4.csv,p000085
386,email,2025Fall,HFA210,Contemporary Film Appreciation,Jonas Evert,"Fun discussions, but sometimes it felt like the slides skipped key context and you had to fill gaps from outside reading. I can share my notes if you email me: mila.santos25@example.edu.",slides_incomplete|materials_poor,low,,,,,,,mila.santos25@example.edu,,,,,,,,,,feedback_4.csv,p000086
387,section_time_place,2025Fall,UG310,Introductory Creativity Workshop,Amira Sol,UG310 Section 1 is creative but the pace is weirdly fast when deadlines stack up. The 11:00 AM–12:15 PM block in Workshop Room B02 conflicted with my other class a couple times.,workload_heavy|schedule_conflict|pace_too_fast,low,,,,,,,,,,Section 1,11:00 AM–12:15 PM,Workshop Room B02,,,,,feedback_4.csv,p000087
388,email,2025Fall,BIO220L,Molecular Biology Lab,Junia Calder,"Lab reports took forever and the rubric felt stricter than the demos. Still learned a lot, just wish grading was more predictable—reach me at samir.lee26@example.edu.",workload_heavy|grading_harsh,low,,,,,,,samir.lee26@example.edu,,,,,,,,,,feedback_4.csv,p000088
389,combo_scores_plus_location,2024Spring,PH330,Quantum Concepts,Anika Voss,"PH330 problem sets were brutal and the exam was even worse. I got 59, and my study buddy Mira Quill got 71. Section Q7 meets Fri 08:00–09:15 in Room N-118.",difficulty_high|exam_too_hard|workload_heavy,low,,Mira Quill,,59.0,71.0,,,,,Section Q7,Fri 08:00–09:15,Room N-118,,,,,feedback_4.csv,p000089
390,both_score_and_name,2025Fall,QMX350,Quantum Mechanics II,Levon Mirek,I ended up with 47 and honestly the midterm felt way harder than the problem sets. My lab partner Jamie Lark said the grading was super strict too.,exam_too_hard|grading_harsh|difficulty_high,low,,Jamie Lark,,47.0,,,,,,,,,,,,,feedback_4.csv,p000090
391,combo_scores_plus_location,2025Fall,MT201,Foundations of Calculus,Evan Kaito,"MT201 felt fast. I got 78, but my friend Lila Moreno got 62. I’m in Section B3, class time Tue 09:30–10:45, in Room H-204.",pace_too_fast|exam_too_hard,low,,Lila Moreno,,78.0,62.0,,,,,Section B3,Tue 09:30–10:45,Room H-204,,,,,feedback_4.csv,p000091
392,none,2025Fall,PH301,Statistical Mechanics,Zoe Park,"PH301 grading felt a bit harsh for how tricky the midterm was. The slides also skipped steps, so studying from them alone didn’t really work.",grading_harsh|slides_incomplete|exam_too_hard,low,,,,,,,,,,,,,,,,,feedback_4.csv,p000092
393,email,2026Spring,UG301,Introductory Robotics,Marin Osei,"Labs were mostly smooth, but a couple assignments had confusing edge cases and the TA queue got long. If you figured out the last autograder weirdness, email me at taylor.nguyen29@example.edu.",assignment_unclear|ta_support_poor,low,,,,,,,taylor.nguyen29@example.edu,,,,,,,,,,feedback_4.csv,p000093
394,section_time_place,2026Spring,BT-S01,Seminar in Speculative Botany,Prof. Linnea Sparrow,"BT-S01 Section S is interesting, but discussions sometimes wander and it’s hard to tell what to focus on for the essay. The 4:00 PM–5:15 PM meeting in Greenhouse Classroom K3 needed a clearer rubric.",teaching_unclear|assignment_unclear,low,,,,,,,,,,Section S,4:00 PM–5:15 PM,Greenhouse Classroom K3,,,,,feedback_4.csv,p000094
395,student_id,2025Fall,UGF201,Abstract Algebra I,Tamsin Qori,"Student ID 20251706 here. The lectures are interesting but I keep getting lost on the homework proofs, and the assignment prompts feel vague.",difficulty_high|assignment_unclear|teaching_unclear,low,,,,,,20251706.0,,,,,,,,,,,feedback_4.csv,p000095
396,combo_scores_plus_location,2026Spring,SM102,Quantum Foundations,Ibrahim Noor,"SM102 discussions were interesting but the pacing jumped around. I got 52, and my friend Rowan Vale got 45. Section S1, class time Tue 13:00–14:15, Seminar Room G-6.",teaching_unclear|pace_too_fast,low,,Rowan Vale,,52.0,45.0,,,,,Section S1,Tue 13:00–14:15,Seminar Room G-6,,,,,feedback_4.csv,p000096
397,combo_unique_plus_location,2025Fall,HC410,Intro to Economic Thinking,Patricia Ames,"HC410 is interesting but sometimes the explanation jumps steps. In Section R4 on Thu 11:00–12:15 in Lecture Room A-018, my midterm scan was flagged because the proctor gave me the only green answer sheet and the scanner read my bubbles as blank.",teaching_unclear|fairness_issue,low,,,,,,,,,,Section R4,Thu 11:00–12:15,Lecture Room A-018,,,my midterm scan was flagged because the proctor gave me the only green answer sheet and the scanner read my bubbles as blank,,feedback_4.csv,p000097
398,none,2025Fall,CF-210,Computational Folklore,Maya R. Brant,"Loved the idea of CF-210, but the project prompts were kind of vague. I wish the rubric was clearer before you sink a week into it.",assignment_unclear|fairness_issue,low,,,,,,,,,,,,,,,,,feedback_4.csv,p000098
399,phone,2025Winter,TH-330,Applied Thermodynamics,Elijah K. Sorn,Applied Thermodynamics is honestly rough—the exams felt harder than the homework and I never knew what to focus on. Study group? Call/text +1-555-0134.,difficulty_high|exam_too_hard|teaching_unclear,low,,,,,,,,+1-555-0134,,,,,,,,,feedback_4.csv,p000099
400,combo_unique_plus_location,2025Fall,MT201,Foundations of Calculus,Evan Kaito,"MT201 Section 2 felt like a sprint. On the midterm, I was the only one whose Scantron got printed with the questions shifted so my #1 lined up with #2, and I had to re-bubble everything while everyone else started. Class meets 10:30 AM in Room B-214.",pace_too_fast|exam_too_hard|fairness_issue,mid,,,,,,,,,,Section 2,10:30 AM,Room B-214,,,"I was the only one whose Scantron got printed with the questions shifted so my #1 lined up with #2, and I had to re-bubble everything while everyone else started.",,feedback_5.csv,p000000
401,dorm_room,2025Fall,ECO305X,Econometrics,Priya Nalav,"Trying to grind through ECO305X from Birch Hall in room 412 and it’s honestly brutal. The problem sets feel like a different class than the lectures, so I’m always guessing what they want.",difficulty_high|assignment_unclear|teaching_unclear,mid,,,,,,,,,,,,,Birch Hall,room 412,,,feedback_5.csv,p000001
402,name_only,2025Fall,UG310,Introductory Creativity Workshop,Amira Sol,"Overall fun, but the weekly projects piled up fast. Jordan Miles and I spent way too long guessing what the rubric wanted.",workload_heavy|assignment_unclear,mid,,Jordan Miles,,,,,,,,,,,,,,,feedback_5.csv,p000002
403,section_time_place,2026Spring,LB220,Elementary Persian I,Omid Farrokh,"LB220 Section P2 was friendly, but the grading felt a bit harsh for a beginner language class. We met 9:00–9:50 AM in Language Center, Room 204 and the pace was faster than the syllabus implied.",grading_harsh|pace_too_fast,mid,,,,,,,,,,Section P2,9:00–9:50 AM,"Language Center, Room 204",,,,,feedback_5.csv,p000003
404,section_time_place,2026Fall,BI220,Cell Biology,Hiro Tan,"BI220 Section L3 labs were intense and the instructions were kind of unclear. Being in Lab Building 2, Room 118 at 2:00–4:50 PM made the workload feel nonstop.",workload_heavy|assignment_unclear,mid,,,,,,,,,,Section L3,2:00–4:50 PM,"Lab Building 2, Room 118",,,,,feedback_5.csv,p000004
405,accommodation,2026Fall,PH230,Electrodynamics,Helga Brenn,PH230 lectures feel rushed and the midterm practice didn’t match the actual difficulty. I have note-taking accommodations approved.,pace_too_fast|exam_too_hard|materials_poor,mid,,,,,,,,,,,,,,,,I have note-taking accommodations approved.,feedback_5.csv,p000005
406,accommodation,2026Spring,GR501,Advanced Thermodynamics,Linnea Vorenk,GR501 problem sets take forever and the instructions are weirdly vague. I’m registered for reduced-distraction testing accommodations.,workload_heavy|assignment_unclear|teaching_unclear,mid,,,,,,,,,,,,,,,,I’m registered for reduced-distraction testing accommodations.,feedback_5.csv,p000006
407,both_score_and_name,2025Fall,MT201,Foundations of Calculus,Evan Kaito,"Got a 68, which is fine, but the pace felt too fast once integrals started. Arlo Benitez kept saying the homework didn’t match what showed up on the test.",pace_too_fast|assignment_unclear,mid,,Arlo Benitez,,68.0,,,,,,,,,,,,,feedback_5.csv,p000007
408,combo_self_and_other_scores,2025Summer,PS330,Research Methods,Elena Rossi,"I like the topic, but the rubric changes vibe week to week. I got 74 on the methods memo and my classmate Soren Vale got 60, and both of us got conflicting feedback from different graders. Could be organized way better.",fairness_issue|grading_harsh|assignment_unclear,mid,,Soren Vale,,74.0,60.0,,,,,,,,,,,,feedback_5.csv,p000008
409,social_handle,2025Fall,CMP101X,Introduction to Programming Concepts,Amena Parkash,"CMP101X was kinda rough—labs took way longer than expected and the instructions felt vague. I kept bouncing between Piazza and my own notes. If anyone wants to compare approaches, I’m @alex_studies.",workload_heavy|assignment_unclear|teaching_unclear,mid,,,,,,,,,@alex_studies,,,,,,,,feedback_5.csv,p000009
410,email,2025Fall,ENG404T,Advanced Technical Writing,Sera Holcomb,"Feedback is super detailed but the grading felt harsher than the rubric made it sound. If someone wants to compare portfolio checklists, reach me at devon.cho25@example.edu.",grading_harsh|fairness_issue,mid,,,,,,,devon.cho25@example.edu,,,,,,,,,,feedback_5.csv,p000010
411,student_id,2026Summer,AL-502,Algebraic Palindromes,Renata F. Qiu,AL-502 is cool but brutal—homework takes forever and the midterm felt way harder than practice. I'm 20262377 and I wish the teaching was a bit clearer on proofs.,difficulty_high|workload_heavy|exam_too_hard,mid,,,,,,20262377.0,,,,,,,,,,,feedback_5.csv,p000011
412,combo_scores_plus_location,2024Winter,ED205,Teaching Practicum,Sofia Ren,"ED205 expectations felt fuzzy depending on who observed you. I got 88 on my final eval, but my cohort mate Lila Morgan got 94. Section P3 at 1:00 PM in Studio R-204 could've used clearer rubrics.",fairness_issue|teaching_unclear|materials_poor,mid,,Lila Morgan,,88.0,94.0,,,,,Section P3,1:00 PM,Studio R-204,,,,,feedback_5.csv,p000012
413,combo_scores_plus_location,2025Fall,MT201,Foundations of Calculus,Evan Kaito,"MT201 grading felt kind of harsh for an intro class. I got 72 on Quiz 3, and my friend Jonah Pike got 89. Section C1 at 2:30 PM in Hall M-105 was packed and the pace was too fast.",grading_harsh|pace_too_fast|workload_heavy,mid,,Jonah Pike,,72.0,89.0,,,,,Section C1,2:30 PM,Hall M-105,,,,,feedback_5.csv,p000013
414,email,2025Fall,UGF201,Abstract Algebra I,Tamsin Qori,"Really interesting, but the pace is brutal and the homework takes forever. I’m not mad, just tired—study group? contact me at kai.mendez25@example.edu.",pace_too_fast|workload_heavy|difficulty_high,mid,,,,,,,kai.mendez25@example.edu,,,,,,,,,,feedback_5.csv,p000014
415,section_time_place,2026Summer,AL-502,Algebraic Palindromes,Renata F. Qiu,"AL-502 Section 1 was way harder than I expected, and the midterm felt brutal. The 6:30–8:45 PM slot in Hall D, Room 030 drained me fast.",difficulty_high|exam_too_hard,mid,,,,,,,,,,Section 1,6:30–8:45 PM,"Hall D, Room 030",,,,,feedback_5.csv,p000015
416,combo_scores_plus_location,2026Spring,GR501,Advanced Thermodynamics,Linnea Vorenk,"GR501 lectures were interesting but super dense. I got 49 on the midterm, and my classmate Noor Abbas got 61. Section S2 at 10:00 AM in Room T-022 needed slower explanations.",difficulty_high|teaching_unclear|pace_too_fast,mid,,Noor Abbas,,49.0,61.0,,,,,Section S2,10:00 AM,Room T-022,,,,,feedback_5.csv,p000016
417,section_time_place,2026Fall,AR205,Landscape Painting Studio,Mina Ortega,AR205 Section Studio-1 critiques were useful but the fairness felt inconsistent week to week. The 3:00–5:50 PM block in Art Studio 7 was exhausting with so many deliverables.,fairness_issue|workload_heavy,mid,,,,,,,,,,Section Studio-1,3:00–5:50 PM,Art Studio 7,,,,,feedback_5.csv,p000017
418,student_id,2026Spring,UG101,Foundations of Art History,Priya Anand,UG101 readings were nonstop and the lectures jumped eras super quickly. I'm 20261208 and I honestly struggled to keep the timeline straight before the midterm.,workload_heavy|pace_too_fast|difficulty_high,mid,,,,,,20261208.0,,,,,,,,,,,feedback_5.csv,p000018
419,score_only,2026Spring,LB220,Elementary Persian I,Omid Farrokh,"I got an 80. Speaking practice was helpful, but homework directions were confusing and it moved a bit too quickly.",assignment_unclear|pace_too_fast,mid,,,,80.0,,,,,,,,,,,,,feedback_5.csv,p000019
420,student_id,2026Fall,BI220,Cell Biology,Hiro Tan,BI220 labs ate up my week and the lab manual felt messy. Student 20264590 here—TA support was hit or miss when we were troubleshooting.,workload_heavy|materials_poor|ta_support_poor,mid,,,,,,20264590.0,,,,,,,,,,,feedback_5.csv,p000020
421,phone,2025Fall,UG301,Advanced Algorithms,Rina Kovac,"This class is brutal if you fall behind even a week. Homework is long and the midterm felt way harder than the practice set. If anyone wants to form a study group, text me at +1-555-0107.",difficulty_high|workload_heavy|exam_too_hard,mid,,,,,,,,+1-555-0107,,,,,,,,,feedback_5.csv,p000021
422,score_only,2026Spring,ED410,Curriculum Theory Seminar,Owen Li,"Finished with a 71. Seminar discussions were interesting, but the paper prompts were kinda vague and grading was tight.",assignment_unclear|grading_harsh,mid,,,,71.0,,,,,,,,,,,,,feedback_5.csv,p000022
423,combo_scores_plus_location,2026Summer,HS205,Global Health Policy,Diego Alvarez,"HS205 readings were heavy and the slides felt incomplete. I got 78 on Essay 1, and my classmate Caleb Frost got 85. Section H2 at 3:15 PM in Room G-144 was tight on time for discussion.",workload_heavy|slides_incomplete|pace_too_fast,mid,,Caleb Frost,,78.0,85.0,,,,,Section H2,3:15 PM,Room G-144,,,,,feedback_5.csv,p000023
424,section_time_place,2026Summer,AL-502,Algebraic Palindromes,Renata F. Qiu,"AL-502 Section 2 has interesting ideas, but the homework writeups are so unclear it’s frustrating. 12:00–2:15 PM in Math Center, Room 305 always turned into a scramble before deadlines.",assignment_unclear|workload_heavy,mid,,,,,,,,,,Section 2,12:00–2:15 PM,"Math Center, Room 305",,,,,feedback_5.csv,p000024
425,combo_self_and_other_scores,2025Summer,PS330,Research Methods,Elena Rossi,"Summer speedrun, honestly. I got 81 on the first assignment and my classmate Omar Pell got 67 because the requirements were not spelled out. Feedback was short and kind of unhelpful.",assignment_unclear|pace_too_fast|ta_support_poor,mid,,Omar Pell,,81.0,67.0,,,,,,,,,,,,feedback_5.csv,p000025
426,none,2025Spring,CS220,Databases and Applications,Liam Crest,CS220 projects are cool but the instructions are confusing and keep changing. Felt like we spent more time guessing what was wanted than building. Grading also seemed pretty harsh for tiny formatting stuff.,assignment_unclear|grading_harsh|fairness_issue,mid,,,,,,,,,,,,,,,,,feedback_5.csv,p000026
427,email,2026Spring,SM102,Quantum Foundations,Ibrahim Noor,"The problem sets are insanely hard and I’m not always sure what the instructor wants as a “complete” argument. If anyone wants to swap solution outlines, ping me at taylor.ng26@example.edu.",difficulty_high|assignment_unclear|pace_too_fast,mid,,,,,,,taylor.ng26@example.edu,,,,,,,,,,feedback_5.csv,p000027
428,combo_self_and_other_scores,2025Fall,PH301,Statistical Mechanics,Zoe Park,"Homework tricks you into thinking you’re fine, then the exam nukes you. I got 69 but my friend Selene Ark got 52, and we both felt the grading was harsh. Too many steps with no partial credit.",grading_harsh|exam_too_hard|difficulty_high,mid,,Selene Ark,,69.0,52.0,,,,,,,,,,,,feedback_5.csv,p000028
429,unique_event,2025Winter,TH-330,Applied Thermodynamics,Elijah K. Sorn,"Labs are a ton of work and the writeups feel nitpicky. ""During the lab practical, my data logger was the only one set to Celsius while the rubric assumed Kelvin, so all my plots got flagged as 'impossible.'"" TA help was slow when I asked what to do.",workload_heavy|grading_harsh|ta_support_poor,mid,,,,,,,,,,,,,,,"During the lab practical, my data logger was the only one set to Celsius while the rubric assumed Kelvin, so all my plots got flagged as 'impossible.'",,feedback_5.csv,p000029
430,phone,2026Spring,UG498,Quantum Algorithms,Rafael Miron,"I expected hard, but this was next-level confusing—half the time I don't know what the homework is even asking. TA support is basically nonexistent and the exam was a nasty surprise. If you're also struggling, message me at +1-555-0138.",difficulty_high|assignment_unclear|ta_support_poor,mid,,,,,,,,+1-555-0138,,,,,,,,,feedback_5.csv,p000030
431,both_score_and_name,2025Fall,UG301,Advanced Algorithms,Rina Kovac,"I ended up with 49 and honestly I’m salty. My study buddy Mira Jansen and I felt like the midterm was way harder than the homework, and the grading was pretty harsh.",exam_too_hard|grading_harsh|difficulty_high,mid,,Mira Jansen,,49.0,,,,,,,,,,,,,feedback_5.csv,p000031
432,none,2026Fall,PH230,Electrodynamics,Helga Brenn,PH230 homework is nonstop and the lectures don’t always connect to the problem sets. The midterm was brutal and way more mathy than I expected. I left most weeks feeling lost.,workload_heavy|teaching_unclear|exam_too_hard,mid,,,,,,,,,,,,,,,,,feedback_5.csv,p000032
433,social_handle,2025Winter,EC410,Global Markets and Policy,Rafael Orme,EC410 readings are endless and sometimes feel disconnected from what shows up on assessments. Midterm felt way harder than the practice prompts. I’m collecting study resources at @policy_grindset.,workload_heavy|exam_too_hard|materials_poor,mid,,,,,,,,,@policy_grindset,,,,,,,,feedback_5.csv,p000033
434,phone,2025Fall,ECO305X,Econometrics,Priya Nalav,"Problem sets take forever and the instructions are weirdly vague, so you second-guess everything. Lectures are fine but the grading feels harsh for tiny mistakes. I can compare answers—call +1-555-0119.",assignment_unclear|workload_heavy|grading_harsh,mid,,,,,,,,+1-555-0119,,,,,,,,,feedback_5.csv,p000034
435,combo_scores_plus_location,2026Winter,MG409,Quantitative Finance,R. K. Omondi,"MG409 was a grind and the midterm felt impossible. I got 57, and my study buddy Theo Park got 63. Section A4 at 4:00 PM in Room Q-310 moved so fast I couldn't keep up.",difficulty_high|exam_too_hard|pace_too_fast,mid,,Theo Park,,57.0,63.0,,,,,Section A4,4:00 PM,Room Q-310,,,,,feedback_5.csv,p000035
436,combo_self_and_other_scores,2025Winter,EC410,Global Markets and Policy,Rafael Orme,"Reading load is wild for how short the lectures are. I got 70 on the essay, but my friend Harper Noll got 63 and the comments didn’t explain the point deductions. Felt like we were graded on mind-reading.",workload_heavy|grading_harsh|teaching_unclear,mid,,Harper Noll,,70.0,63.0,,,,,,,,,,,,feedback_5.csv,p000036
437,dorm_room,2025Spring,AR110,Intro to Creative Workshops,Lina Barros,"In Pine Hall, room 55 and AR110 is fun but kind of chaotic. The slides are incomplete and critiques move so fast you miss half the guidance.",slides_incomplete|pace_too_fast|teaching_unclear,mid,,,,,,,,,,,,,Pine Hall,room 55,,,feedback_5.csv,p000037
438,section_time_place,2026Spring,LB102,Creative Writing Workshop,Sana Kadir,"LB102 Section W was fun, but the prompts were sometimes confusing and the teaching felt a bit unclear. We met 4:00–5:15 PM in Seminar Room E-12 and I left unsure what “good” looked like.",assignment_unclear|teaching_unclear,mid,,,,,,,,,,Section W,4:00–5:15 PM,Seminar Room E-12,,,,,feedback_5.csv,p000038
439,social_handle,2025Fall,UGF201,Abstract Algebra I,Tamsin Qori,UGF201 is interesting but the pace is brutal and the proofs jump like 5 steps at a time. Homework felt like an exam every week. I’m venting on @ring_theory_rambles if anyone else is in the same boat.,pace_too_fast|difficulty_high|workload_heavy,mid,,,,,,,,,@ring_theory_rambles,,,,,,,,feedback_5.csv,p000039
440,combo_unique_plus_location,2025Fall,HC410,Intro to Economic Thinking,Patricia Ames,"HC410 Section 5 is interesting but grading feels a bit opaque. In discussion, I was the only person whose participation got marked absent because my name tag fell off my laptop and slid under the chair, and the TA thought I wasn’t there. Meets 2:00 PM in Hall C-030.",grading_harsh|fairness_issue|ta_support_poor,mid,,,,,,,,,,Section 5,2:00 PM,Hall C-030,,,"I was the only person whose participation got marked absent because my name tag fell off my laptop and slid under the chair, and the TA thought I wasn’t there.",,feedback_5.csv,p000040
441,combo_self_and_other_scores,2025Fall,PH301,Statistical Mechanics,Zoe Park,"Brutal midterm. I got 58 and my lab buddy Mira Jalen got 43, and we both studied hard. The exam felt way harder than the homework.",exam_too_hard|difficulty_high|grading_harsh,mid,,Mira Jalen,,58.0,43.0,,,,,,,,,,,,feedback_5.csv,p000041
442,combo_self_and_other_scores,2025Fall,HC410,Intro to Economic Thinking,Patricia Ames,"Slides are incomplete so you’re stuck guessing what matters. I got 91 on the quiz, but my teammate Ezra Holt got 78 after studying the posted slides only. Needs better materials.",slides_incomplete|materials_poor|teaching_unclear,mid,,Ezra Holt,,91.0,78.0,,,,,,,,,,,,feedback_5.csv,p000042
443,name_only,2026Fall,CS330,Parallel Algorithms,Ethan Park,Concepts were cool but the pace was intense and the project spec was confusing. Avery Holt kept asking in discussion and even then it still felt under-explained.,pace_too_fast|assignment_unclear|difficulty_high,mid,,Avery Holt,,,,,,,,,,,,,,,feedback_5.csv,p000043
444,unique_event,2026Spring,RS501,Advanced Topology Seminar,Gareth M. Kline,"Seminar is intense and moves fast; you really have to speak up. ""I was the only presenter whose slides were locked in 'outline view' on the room computer, so I had to give the talk from printed thumbnails."" Kind of a mess and the expectations for the paper were vague.",pace_too_fast|difficulty_high|assignment_unclear,mid,,,,,,,,,,,,,,,"I was the only presenter whose slides were locked in 'outline view' on the room computer, so I had to give the talk from printed thumbnails.",,feedback_5.csv,p000044
445,score_only,2026Spring,GR501,Advanced Thermodynamics,Linnea Vorenk,I scraped a 52. The grading felt harsh and the explanations in lecture didn’t connect to the problem sets.,grading_harsh|teaching_unclear|difficulty_high,mid,,,,52.0,,,,,,,,,,,,,feedback_5.csv,p000045
446,combo_unique_plus_location,2026Spring,UG400,Environmental Statistics,Luca Moretti,"UG400 Section 3 is solid but the pace is brutal if you miss a day. On Quiz 1, I was the only one whose R output printed in white font on the lab printer, so I turned in “blank” pages and got questioned like I didn’t do it. 9:00 AM in Room D-016.",pace_too_fast|exam_too_hard|fairness_issue,mid,,,,,,,,,,Section 3,9:00 AM,Room D-016,,,"I was the only one whose R output printed in white font on the lab printer, so I turned in “blank” pages and got questioned like I didn’t do it.",,feedback_5.csv,p000046
447,section_time_place,2025Winter,EC410,Global Markets and Policy,Rafael Orme,EC410 Section A had a ton of reading and the slides felt incomplete. 1:30–2:45 PM in Auditorium West 1 made it feel like a long sit for not much clarity.,slides_incomplete|materials_poor|workload_heavy,mid,,,,,,,,,,Section A,1:30–2:45 PM,Auditorium West 1,,,,,feedback_5.csv,p000047
448,name_only,2026Spring,ED410,Curriculum Theory Seminar,Owen Li,The readings were interesting but seminar discussions wandered and expectations for the papers stayed kind of vague. Samira Keene said the feedback felt inconsistent week to week.,teaching_unclear|assignment_unclear|fairness_issue,mid,,Samira Keene,,,,,,,,,,,,,,,feedback_5.csv,p000048
449,dorm_room,2025Summer,BI214,Cell Physiology Lab,Nora G. Patel,"Reporting from Maple Court, room 208: BI214 lab writeups take forever and the feedback is super minimal. It feels like you lose points for tiny formatting stuff that wasn’t explained.",workload_heavy|materials_poor|grading_harsh,mid,,,,,,,,,,,,,Maple Court,room 208,,,feedback_5.csv,p000049
450,score_only,2024Spring,PH330,Quantum Concepts,Anika Voss,"Got a 65. Problem sets were fine, but the midterm was brutal and the pacing jumped around a lot.",exam_too_hard|pace_too_fast,mid,,,,65.0,,,,,,,,,,,,,feedback_5.csv,p000050
451,combo_self_and_other_scores,2026Spring,RS-799,Independent Study: Recursive Songwriting,K. O. Thales,"Cool concept but guidance is super fuzzy for an independent study. I got 57 on the first portfolio check-in, while my peer Nova Raines got 49 and we’re both unsure what counts as “recursive.” Needs clearer examples.",teaching_unclear|materials_poor,mid,,Nova Raines,,57.0,49.0,,,,,,,,,,,,feedback_5.csv,p000051
452,unique_event,2026Spring,UG275,Software Engineering Practices,Evan Kest,"Team project was fine but the requirements kept shifting. ""I was the only one whose CI pipeline failed because the autograder expected a file literally named build (no extension)."" Pretty stressful and the grading felt harsh for a tiny naming thing.",assignment_unclear|fairness_issue|grading_harsh,mid,,,,,,,,,,,,,,,I was the only one whose CI pipeline failed because the autograder expected a file literally named build (no extension).,,feedback_5.csv,p000052
453,email,2026Spring,UG330,Database Systems,Nia Havel,"Projects are cool but the assignment specs keep changing, so it’s hard to know what’s “done.” If you figured out the expected schema docs format, email me at samira.khan26@example.edu.",assignment_unclear|workload_heavy,mid,,,,,,,samira.khan26@example.edu,,,,,,,,,,feedback_5.csv,p000053
454,student_id,2025Fall,ECO305X,Econometrics,Priya Nalav,"ECO305X moved way too fast for me, especially once we hit IV stuff. I'm student 20253417 and I felt like the problem sets expected steps we never practiced.",pace_too_fast|assignment_unclear|workload_heavy,mid,,,,,,20253417.0,,,,,,,,,,,feedback_5.csv,p000054
455,unique_event,2025Fall,UGF201,Abstract Algebra I,Tamsin Qori,"Material is hard but doable if you start early; pace is fast though. ""I was the only student asked to redo the proof of Lagrange’s theorem at the board because my handwritten symbol looked like a plus sign."" Felt embarrassing and the instructions for proofs could be clearer.",pace_too_fast|difficulty_high|teaching_unclear,mid,,,,,,,,,,,,,,,I was the only student asked to redo the proof of Lagrange’s theorem at the board because my handwritten symbol looked like a plus sign.,,feedback_5.csv,p000055
456,score_only,2025Fall,ART101X,Introduction to Pottery,Marlo Finch,"Ended with an 89. Projects were fun, but the pace was weirdly fast near the end and critiques weren’t super clear.",pace_too_fast|teaching_unclear,mid,,,,89.0,,,,,,,,,,,,,feedback_5.csv,p000056
457,both_score_and_name,2025Fall,WM-101,World Mythologies,Sofia D. Laurent,"I got 86, liked the stories but the slides were kinda incomplete so taking notes was stressful. Rowan Kline and I had totally different feedback on the same type of essay, which felt unfair.",slides_incomplete|fairness_issue,mid,,Rowan Kline,,86.0,,,,,,,,,,,,,feedback_5.csv,p000057
458,combo_self_and_other_scores,2025Winter,EC410,Global Markets and Policy,Rafael Orme,"The lectures are interesting but the midterm was a mess. I got 62 and my project partner Juno Sato got 55, and neither of us understood half the short answers. Way too fast for the amount of reading.",exam_too_hard|pace_too_fast|workload_heavy,mid,,Juno Sato,,62.0,55.0,,,,,,,,,,,,feedback_5.csv,p000058
459,combo_self_and_other_scores,2025Fall,WM-101,World Mythologies,Sofia D. Laurent,"Fun topics but the essay prompts are weirdly vague. I got 88 on Essay 1, while my roommate Quinn Alder got 79 and we still don’t know what the grader wanted. Instructions need to be clearer.",assignment_unclear|grading_harsh,mid,,Quinn Alder,,88.0,79.0,,,,,,,,,,,,feedback_5.csv,p000059
460,combo_self_and_other_scores,2025Fall,HC410,Intro to Economic Thinking,Patricia Ames,Grading feels random on the written parts. I got 84 on the midterm and my study partner Lina Voss got 72 even though our answers were super similar. Would love clearer rubrics.,fairness_issue|grading_harsh|teaching_unclear,mid,,Lina Voss,,84.0,72.0,,,,,,,,,,,,feedback_5.csv,p000060
461,unique_event,2025Winter,EC410,Global Markets and Policy,Rafael Orme,"Lectures were kind of all over the place and the exam was rough. ""My midterm booklet was the only one printed with page 3 duplicated and page 4 missing, so I answered Q4 on the back cover."" Took forever to get a response.",teaching_unclear|exam_too_hard|fairness_issue,mid,,,,,,,,,,,,,,,"My midterm booklet was the only one printed with page 3 duplicated and page 4 missing, so I answered Q4 on the back cover.",,feedback_5.csv,p000061
462,both_score_and_name,2025Fall,BIO220L,Molecular Biology Lab,Junia Calder,"Finished with 77 and the lab reports ate my weekends. Kira Noland was also confused by the report rubric, and TA support felt spotty when deadlines were close.",workload_heavy|assignment_unclear|ta_support_poor,mid,,Kira Noland,,77.0,,,,,,,,,,,,,feedback_5.csv,p000062
463,score_only,2025Summer,BI230,Ecology and Field Methods,Derek Malle,Got a 79. Fieldwork was cool but the lab report rubric felt inconsistent and the workload stacked up fast.,workload_heavy|fairness_issue,mid,,,,79.0,,,,,,,,,,,,,feedback_5.csv,p000063
464,combo_scores_plus_location,2025Spring,CS220,Databases and Applications,Liam Crest,"CS220 project spec was confusing and kept changing. I got 81 on Project 1, while my teammate Serena Holt got 92. I was in Section D3 at 9:00 AM in Lab S-017 and the TA help was hit or miss.",assignment_unclear|materials_poor|ta_support_poor,mid,,Serena Holt,,81.0,92.0,,,,,Section D3,9:00 AM,Lab S-017,,,,,feedback_5.csv,p000064
465,combo_self_and_other_scores,2025Fall,MT201,Foundations of Calculus,Evan Kaito,"Pace is insane. I got 76 on the first midterm, but my friend Theo Marwick got 61 and is freaking out. The practice set didn’t match the test style.",pace_too_fast|exam_too_hard|materials_poor,mid,,Theo Marwick,,76.0,61.0,,,,,,,,,,,,feedback_5.csv,p000065
466,name_only,2026Spring,UG400,Environmental Statistics,Luca Moretti,"Homework was brutal and the solutions posted late, so it was hard to learn from mistakes. Mateo Quinn and I both felt the grading was stricter than the examples in class.",workload_heavy|grading_harsh|materials_poor,mid,,Mateo Quinn,,,,,,,,,,,,,,,feedback_5.csv,p000066
467,combo_unique_plus_location,2026Spring,LB102,Creative Writing Workshop,Sana Kadir,"LB102 Section W is supportive but the feedback days are intense. I was the only one whose story got projected with the track-changes layer still visible because I uploaded the wrong file version, so everyone saw my messy edits live. 3:30 PM in Seminar Room F-008.",workload_heavy|fairness_issue,mid,,,,,,,,,,Section W,3:30 PM,Seminar Room F-008,,,"I was the only one whose story got projected with the track-changes layer still visible because I uploaded the wrong file version, so everyone saw my messy edits live.",,feedback_5.csv,p000067
468,accommodation,2026Spring,ED410,Curriculum Theory Seminar,Owen Li,ED410 discussions are interesting but grading on the papers felt inconsistent. I use captioning as an approved classroom accommodation.,fairness_issue|grading_harsh,mid,,,,,,,,,,,,,,,,I use captioning as an approved classroom accommodation.,feedback_5.csv,p000068
469,email,2025Fall,SYN-101,Introduction to Medieval Widgets,Arielle M. Rune,"Fun topic, but the slides are weirdly incomplete so taking notes is a mess. If anyone has better notes, please send them to riley.patel25@example.edu.",slides_incomplete|materials_poor,mid,,,,,,,riley.patel25@example.edu,,,,,,,,,,feedback_5.csv,p000069
470,combo_scores_plus_location,2025Fall,UG301,Advanced Algorithms,Rina Kovac,"UG301 was brutal this term. I got 54 on the midterm, but my lab partner Maya Lin got 68. I was in Section B2 at 11:00 AM in Room K-214 and still felt lost half the time.",difficulty_high|exam_too_hard|teaching_unclear,mid,,Maya Lin,,54.0,68.0,,,,,Section B2,11:00 AM,Room K-214,,,,,feedback_5.csv,p000070
471,score_only,2026Spring,LB102,Creative Writing Workshop,Sana Kadir,"Came out with a 92. Loved the workshop vibe, but the feedback guidelines were messy and slides/handouts felt incomplete.",slides_incomplete|materials_poor,mid,,,,92.0,,,,,,,,,,,,,feedback_5.csv,p000071
472,accommodation,2025Fall,QMX350,Quantum Mechanics II,Levon Mirek,QMX350 is kind of brutal and the pacing is way too fast. I have approved extended time on exams through the access office.,difficulty_high|pace_too_fast|exam_too_hard,mid,,,,,,,,,,,,,,,,I have approved extended time on exams through the access office.,feedback_5.csv,p000072
473,student_id,2026Spring,UG275,Software Engineering Practices,Evan Kest,UG275 team project was stressful and grading felt harsh when teammates didn’t pull their weight. Student ID 20261753—rubrics were confusing and feedback came late.,grading_harsh|fairness_issue|assignment_unclear,mid,,,,,,20261753.0,,,,,,,,,,,feedback_5.csv,p000073
474,dorm_room,2025Spring,MG150,Principles of Management,Anika Verma,"From Juniper Hall, room 703: MG150 is fine content-wise, but the grading on the project felt super harsh. I couldn’t tell what the rubric actually rewarded until it was too late.",grading_harsh|assignment_unclear|fairness_issue,mid,,,,,,,,,,,,,Juniper Hall,room 703,,,feedback_5.csv,p000074
475,phone,2026Spring,UG330,Database Systems,Nia Havel,"Projects are cool but the pace is too fast and the slides feel incomplete, so you end up googling basics at 2am. Would be way better with clearer walkthroughs. If you want to pair up on the next project, text +1-555-0124.",pace_too_fast|slides_incomplete|teaching_unclear,mid,,,,,,,,+1-555-0124,,,,,,,,,feedback_5.csv,p000075
476,score_only,2026Fall,BI220,Cell Biology,Hiro Tan,Final score was 58. The lab manuals were rough and TAs weren’t super helpful when stuff broke during lab.,materials_poor|ta_support_poor,mid,,,,58.0,,,,,,,,,,,,,feedback_5.csv,p000076
477,dorm_room,2026Fall,PH230,Electrodynamics,Helga Brenn,"Oak Hall, room 310 here — PH230 exams are ridiculously hard and the homework feels like it comes from another universe. Prof. Helga Brenn is clearly smart, but the explanations don’t click for me.",exam_too_hard|difficulty_high|teaching_unclear,mid,,,Helga Brenn,,,,,,,,,,Oak Hall,room 310,,,feedback_5.csv,p000077
478,social_handle,2025Summer,BI230,Ecology and Field Methods,Derek Malle,"BI230 field days were cool but the lab report rubric felt like it changed depending on the grader. Also the workload spikes hard after each trip. If you’re trying to figure out what they want, I’m @fieldnotes_flo.",workload_heavy|grading_harsh|fairness_issue,mid,,,,,,,,,@fieldnotes_flo,,,,,,,,feedback_5.csv,p000078
479,combo_unique_plus_location,2025Fall,AR101,Intro to Studio Art,Maru Nakatani,"AR101 Section A is fun but the workload sneaks up on you. During critique, I was the only one told to re-hang my piece because my masking tape left a faint checkerboard imprint on the paper and it got called out in front of the room. 1:15 PM in Studio 4E.",workload_heavy|fairness_issue,mid,,,,,,,,,,Section A,1:15 PM,Studio 4E,,,I was the only one told to re-hang my piece because my masking tape left a faint checkerboard imprint on the paper and it got called out in front of the room.,,feedback_5.csv,p000079
480,unique_event,2026Spring,UG101,Foundations of Art History,Priya Anand,"Content is interesting but the slides are missing key images and dates. ""I was the only one whose essay got marked late because the upload portal auto-added a second copy with the title 'FINAL_final_2' at 12:00:01."" Felt unfair since I submitted on time.",slides_incomplete|fairness_issue|grading_harsh,mid,,,,,,,,,,,,,,,I was the only one whose essay got marked late because the upload portal auto-added a second copy with the title 'FINAL_final_2' at 12:00:01.,,feedback_5.csv,p000080
481,dorm_room,2025Fall,CMP101X,Introduction to Programming Concepts,Amena Parkash,"I’m in Cedar House, room 19 and CMP101X is moving way too fast for beginners. Labs are a time sink and the instructions are kind of vague, so you spend hours debugging nonsense.",pace_too_fast|workload_heavy|assignment_unclear,mid,,,,,,,,,,,,,Cedar House,room 19,,,feedback_5.csv,p000081
482,combo_unique_plus_location,2025Fall,UG310,Introductory Creativity Workshop,Amira Sol,"UG310 Section 9 is chill, but instructions can be weirdly vague. On the mini-project, I was the only one whose submission got flagged because I used last semester’s cover-sheet template with the old logo, and it got sent back for “resubmission.” 11:00 AM in Lab 1-112.",assignment_unclear|fairness_issue|materials_poor,mid,,,,,,,,,,Section 9,11:00 AM,Lab 1-112,,,"I was the only one whose submission got flagged because I used last semester’s cover-sheet template with the old logo, and it got sent back for “resubmission.”",,feedback_5.csv,p000082
483,section_time_place,2026Spring,ED410,Curriculum Theory Seminar,Owen Li,"ED410 Section S2 moved really fast and assumed a lot of background. 11:00–12:20 PM in Grad Building, Room 401 was fine, but the slides were pretty incomplete.",pace_too_fast|slides_incomplete,mid,,,,,,,,,,Section S2,11:00–12:20 PM,"Grad Building, Room 401",,,,,feedback_5.csv,p000083
484,score_only,2026Fall,BI220,Cell Biology,Hiro Tan,Ended up with a 58 and honestly it tracks. Labs took forever and the exams felt like they came from a different class.,workload_heavy|exam_too_hard|difficulty_high,mid,,,,58.0,,,,,,,,,,,,,feedback_5.csv,p000084
485,combo_unique_plus_location,2026Summer,PSY-X12,Introduction to Dream Interpretation,Noam L. Berri,"PSY-X12 Section 1 is interesting but the quizzes feel picky. On the first essay, I was the only one whose PDF got auto-rotated 90 degrees by the uploader, so every page showed sideways and the grader said it was “hard to read.” 6:00 PM in Room A-107.",grading_harsh|exam_too_hard|fairness_issue,mid,,,,,,,,,,Section 1,6:00 PM,Room A-107,,,"I was the only one whose PDF got auto-rotated 90 degrees by the uploader, so every page showed sideways and the grader said it was “hard to read.”",,feedback_5.csv,p000085
486,accommodation,2025Fall,UG310,Introductory Creativity Workshop,Amira Sol,UG310 is fun but participation grading stressed me out more than it should. I have flexible attendance as an accommodation.,fairness_issue|workload_heavy,mid,,,,,,,,,,,,,,,,I have flexible attendance as an accommodation.,feedback_5.csv,p000086
487,student_id,2025Fall,UG301,Introduction to Cultural Studies,Marin Orel,"UG301 was interesting but the slides felt incomplete, like half the examples were missing. Posting as 20259802 because I kept having to hunt readings to figure out what was going on.",slides_incomplete|materials_poor|teaching_unclear,mid,,,,,,20259802.0,,,,,,,,,,,feedback_5.csv,p000087
488,social_handle,2025Fall,HFA210,Contemporary Film Appreciation,Jonas Evert,"HFA210 is chill but the slides are super bare, so you basically have to write down everything said in discussion. Essays are okay, just wish expectations were clearer. Posting my notes at @popcorn_semantics.",slides_incomplete|materials_poor|assignment_unclear,mid,,,,,,,,,@popcorn_semantics,,,,,,,,feedback_5.csv,p000088
489,none,2025Fall,CMP101X,Introduction to Programming Concepts,Amena Parkash,CMP101X was a rough start for beginners. Labs take forever and the midterm felt way harder than the practice stuff. I learned a lot but the pace is kind of brutal.,difficulty_high|workload_heavy|pace_too_fast,mid,,,,,,,,,,,,,,,,,feedback_5.csv,p000089
490,section_time_place,2026Fall,BI220,Cell Biology,Hiro Tan,"BI220 Section L1 exams were rough and didn’t match what we practiced in lab. 8:10–10:00 AM in Lab Annex, Room 022 is too early for that much stress.",exam_too_hard|fairness_issue,mid,,,,,,,,,,Section L1,8:10–10:00 AM,"Lab Annex, Room 022",,,,,feedback_5.csv,p000090
491,unique_event,2026Spring,SM102,Quantum Foundations,Ibrahim Noor,"Problem sets are brutal and the solutions aren’t super illuminating. ""My final was the only one where the proctor stapled an extra blank sheet between pages, so my scan looked like I skipped question 2."" Ended up in a long email chain to fix it.",difficulty_high|materials_poor|exam_too_hard,mid,,,,,,,,,,,,,,,"My final was the only one where the proctor stapled an extra blank sheet between pages, so my scan looked like I skipped question 2.",,feedback_5.csv,p000091
492,name_only,2025Spring,CS220,Databases and Applications,Liam Crest,Lectures felt rushed and I kept losing the thread between SQL and the app side. Priya Nand said the midterm review didn't match what showed up on the exam.,pace_too_fast|teaching_unclear|exam_too_hard,mid,,Priya Nand,,,,,,,,,,,,,,,feedback_5.csv,p000092
493,combo_self_and_other_scores,2025Fall,HFA210,Contemporary Film Appreciation,Jonas Evert,"Loved the screenings, but participation grading is stressful. I got 93 overall so far, yet my friend Nia Calder got 86 even though she talks every class. Feels a bit unfair.",fairness_issue|grading_harsh,mid,,Nia Calder,,93.0,86.0,,,,,,,,,,,,feedback_5.csv,p000093
494,combo_scores_plus_location,2025Summer,BI230,Ecology and Field Methods,Derek Malle,"BI230 field days were cool but the lab reports took forever. I got 84 on Lab Report 2, and my friend Quinn Ryder got 76. Section F1 at 7:30 AM in Room E-008 was rough for a summer schedule.",workload_heavy|schedule_conflict|grading_harsh,mid,,Quinn Ryder,,84.0,76.0,,,,,Section F1,7:30 AM,Room E-008,,,,,feedback_5.csv,p000094
495,section_time_place,2026Spring,UG210,Microeconomics,Tomas Edrich,"UG210 Section B was packed, and the pacing felt too fast for me. Meeting at 10:00–11:15 AM in Room C-214 made it hard to fit with my other classes.",pace_too_fast|schedule_conflict,mid,,,,,,,,,,Section B,10:00–11:15 AM,Room C-214,,,,,feedback_5.csv,p000095
496,email,2025Fall,ECO305X,Econometrics,Priya Nalav,"The lectures are kinda all over the place and I kept guessing what methods we were supposed to use on the problem sets. If anyone has a clean summary sheet, email me at jamie.rivers25@example.edu.",teaching_unclear|assignment_unclear|difficulty_high,mid,,,,,,,jamie.rivers25@example.edu,,,,,,,,,,feedback_5.csv,p000096
497,student_id,2024Winter,ED205,Teaching Practicum,Sofia Ren,ED205 was meaningful but the grading felt inconsistent between observation days. Student ID 20240931 here—my feedback didn’t match the rubric points we were told to focus on.,fairness_issue|grading_harsh,mid,,,,,,20240931.0,,,,,,,,,,,feedback_5.csv,p000097
498,none,2026Spring,UG101,Foundations of Art History,Priya Anand,"UG101 has interesting topics, but the slides feel incomplete and I’m always scrambling to take notes. The pace is fast for a survey class and the essay prompts are weirdly vague. Not the worst, just frustrating.",slides_incomplete|pace_too_fast|assignment_unclear,mid,,,,,,,,,,,,,,,,,feedback_5.csv,p000098
499,student_id,2025Summer,PS330,Research Methods,Elena Rossi,"PS330 had a huge workload for a summer class, and the assignment prompts were kinda vague. I'm 20257644 and I spent more time guessing expectations than doing the research.",workload_heavy|assignment_unclear|teaching_unclear,mid,,,,,,20257644.0,,,,,,,,,,,feedback_5.csv,p000099
500,student_id,2026Spring,UG275,Software Engineering Practices,Evan Kest,"As 20261208, I feel like the workload exploded out of nowhere with back-to-back team deadlines. TA help was basically nonexistent when our build kept breaking.",workload_heavy|ta_support_poor|fairness_issue,mid,,,,,,20261208.0,,,,,,,,,,,feedback_6.csv,p000000
501,student_id,2026Spring,ED410,Curriculum Theory Seminar,Owen Li,"Posting as 20262351: seminar discussions kept going in circles and I left more confused than before. Feedback on papers was vague, like “dig deeper” with no direction.",teaching_unclear|grading_harsh|materials_poor,mid,,,,,,20262351.0,,,,,,,,,,,feedback_6.csv,p000001
502,combo_scores_plus_location,2026Spring,LB102,Creative Writing Workshop,Sana Kadir,"LB102 is intense in a weird way—so much critique but not much guidance. I got 89 on the portfolio check-in, and my peer Devon Price got 96. Section W5 is 4:10 PM in Room A-209.",teaching_unclear|workload_heavy|fairness_issue,high,,Devon Price,,89.0,96.0,,,,,Section W5,4:10 PM,Room A-209,,,,,feedback_6.csv,p000002
503,combo_self_and_other_scores,2025Fall,PSY150X,Cognitive Psychology,Mika Ren,"Lectures are okay but the exams come out of left field and the curve feels brutal. I got 66 and my classmate Nolan Vex got 81, so I'm not sure what the class is actually rewarding.",exam_too_hard|grading_harsh|fairness_issue,high,,Nolan Vex,,66.0,81.0,,,,,,,,,,,,feedback_6.csv,p000003
504,unique_event,2024Spring,PH330,Quantum Concepts,Anika Voss,"Pace was too fast and the exam was brutal. ""I was the only student whose Final had Q4 printed twice and Q5 missing entirely."" I lost so much time trying to figure out if it was a trick.",pace_too_fast|exam_too_hard|fairness_issue,mid,,,,,,,,,,,,,,,I was the only student whose Final had Q4 printed twice and Q5 missing entirely.,,feedback_6.csv,p000004
505,email,2025Summer,BI230,Ecology and Field Methods,Derek Malle,"Field days were cool but the workload was heavy and lab reports piled up nonstop. The instructions changed between weeks and it stressed me out. If you want to swap report templates, I’m at sara.moon25@example.edu.",workload_heavy|assignment_unclear|materials_poor,high,,,,,,,sara.moon25@example.edu,,,,,,,,,,feedback_6.csv,p000005
506,student_id,2026Fall,CS330,Parallel Algorithms,Ethan Park,"I’m 20264592 and the grading felt brutally strict for tiny things, like losing tons of points for formatting. The project requirements kept shifting and it was super frustrating.",grading_harsh|fairness_issue|assignment_unclear,mid,,,,,,20264592.0,,,,,,,,,,,feedback_6.csv,p000006
507,social_handle,2026Spring,UG301,Introductory Robotics,Marin Osei,Posting as @servo_sigh: the automated labs are brutal and the error messages are basically useless. Workload is heavy and it feels like you spend hours debugging just to lose points anyway.,workload_heavy|materials_poor|grading_harsh,high,,,,,,,,,@servo_sigh,,,,,,,,feedback_6.csv,p000007
508,accommodation,2026Spring,UG330,Database Systems,Nia Havel,UG330 projects feel like they assume you already know everything. I use speech-to-text as a disability accommodation for longer writeups.,difficulty_high|workload_heavy,mid,,,,,,,,,,,,,,,,I use speech-to-text as a disability accommodation for longer writeups.,feedback_6.csv,p000008
509,name_only,2025Fall,MT201,Foundations of Calculus,Evan Kaito,MT201 moves way too fast and the homework takes forever. Carmen Holt explained the concepts better than the lecture most days.,pace_too_fast|workload_heavy|teaching_unclear,high,,Carmen Holt,,,,,,,,,,,,,,,feedback_6.csv,p000009
510,none,2025Fall,QMX350,Quantum Mechanics II,Levon Mirek,"This class is brutal. The problem sets feel like they assume you already know the next chapter, and lecture explanations jump steps. I spent way too many nights stuck on what should've been one page of algebra.",difficulty_high|teaching_unclear|workload_heavy,mid,,,,,,,,,,,,,,,,,feedback_6.csv,p000010
511,section_time_place,2026Fall,PH230,Electrodynamics,Helga Brenn,PH230 Section A at 1:30 PM in Physics Lab P-3 is honestly a headache. The exam questions feel way harder than the homework and the pace is too fast to breathe.,exam_too_hard|pace_too_fast|difficulty_high,mid,,,,,,,,,,Section A,1:30 PM,Physics Lab P-3,,,,,feedback_6.csv,p000011
512,combo_unique_plus_location,2026Spring,LB220,Elementary Persian I,Omid Farrokh,"LB220 Section A1 at 8:20am in Cedar Classroom C-05 is friendly but the homework load is nonstop. On the oral check, I was the only one whose audio file played back at double speed because the recorder got stuck on “fast mode,” and I had to re-record on the spot. Still learned a lot, just stressful.",workload_heavy|fairness_issue,low,,,,,,,,,,Section A1,8:20am,Cedar Classroom C-05,,,"I was the only one whose audio file played back at double speed because the recorder got stuck on “fast mode,” and I had to re-record on the spot",,feedback_6.csv,p000012
513,section_time_place,2026Spring,UG210,Microeconomics,Tomas Edrich,UG210 Section D meets 11:00 AM in Room M-105 and the lectures jump around a lot. Homework wording is confusing and office hours didn’t clear it up.,teaching_unclear|assignment_unclear|ta_support_poor,mid,,,,,,,,,,Section D,11:00 AM,Room M-105,,,,,feedback_6.csv,p000013
514,both_score_and_name,2025Fall,UGF201,Abstract Algebra I,Tamsin Qori,I got a 47 and honestly I’m mad because Devon Kline and I studied together and the exam still felt like it came from another planet. The pace is brutal and the grading feels harsh.,pace_too_fast|exam_too_hard|grading_harsh,high,,Devon Kline,,47.0,,,,,,,,,,,,,feedback_6.csv,p000014
515,unique_event,2025Spring,AR110,Intro to Creative Workshops,Lina Barros,"I liked the vibe, but the project rubric was messy and critiques felt inconsistent. ""I was the only student told to re-present my portfolio because the projector cropped the left edge of every slide during my slot."" It made my work look unfinished.",assignment_unclear|fairness_issue|materials_poor,mid,,,,,,,,,,,,,,,I was the only student told to re-present my portfolio because the projector cropped the left edge of every slide during my slot.,,feedback_6.csv,p000015
516,name_only,2025Fall,QMX350,Quantum Mechanics II,Levon Mirek,QMX350 is absolutely brutal. I studied with Riley Dawson and we still walked out of the midterm feeling wrecked.,difficulty_high|exam_too_hard|pace_too_fast,high,,Riley Dawson,,,,,,,,,,,,,,,feedback_6.csv,p000016
517,accommodation,2025Winter,EC410,Global Markets and Policy,Rafael Orme,EC410 is interesting but the exams are rough and the pacing is relentless. I have a note for reduced-distraction testing accommodations.,exam_too_hard|pace_too_fast,mid,,,,,,,,,,,,,,,,I have a note for reduced-distraction testing accommodations.,feedback_6.csv,p000017
518,score_only,2025Summer,BI230,Ecology and Field Methods,Derek Malle,Got a 79 and still felt exhausted the whole time. Fieldwork days were long and the lab report expectations were kinda unclear until you lost points.,workload_heavy|assignment_unclear|grading_harsh,mid,,,,79.0,,,,,,,,,,,,,feedback_6.csv,p000018
519,dorm_room,2025Fall,CF-210,Computational Folklore,Maya R. Brant,"Writing this from Cedar Hall, room 214 and honestly CF-210 stressed me out. The projects felt under-explained and the grading was brutal for how vague the prompts were.",assignment_unclear|grading_harsh|teaching_unclear,mid,,,,,,,,,,,,,Cedar Hall,room 214,,,feedback_6.csv,p000019
520,email,2025Fall,QMX350,Quantum Mechanics II,Levon Mirek,"This class is brutal and the problem sets feel like riddles with missing steps. I kept rewatching lecture bits and still got lost. If anyone has better notes, email me at nora.james25@example.edu.",difficulty_high|teaching_unclear|assignment_unclear,high,,,,,,,nora.james25@example.edu,,,,,,,,,,feedback_6.csv,p000020
521,combo_scores_plus_location,2026Spring,UG330,Database Systems,Nia Havel,"UG330 projects are a time sink and the instructions are confusing. I got 71 on Project 2, and my teammate Mira Song got 83. Section P3 at 6:15 PM in Lab E-018 is packed and chaotic.",workload_heavy|assignment_unclear|ta_support_poor,high,,Mira Song,,71.0,83.0,,,,,Section P3,6:15 PM,Lab E-018,,,,,feedback_6.csv,p000021
522,score_only,2025Fall,QMX350,Quantum Mechanics II,Levon Mirek,"Ended up with a 48 and honestly I’m just relieved it’s over. Problem sets felt like they were from a different universe than lecture, and the final was brutal.",difficulty_high|assignment_unclear|exam_too_hard,high,,,,48.0,,,,,,,,,,,,,feedback_6.csv,p000022
523,email,2026Spring,UG400,Environmental Statistics,Luca Moretti,"Pace was too fast and the slides felt incomplete, so homework turned into a scavenger hunt. TA help was inconsistent week to week. I’m collecting study resources at mia.chen26@example.edu.",pace_too_fast|slides_incomplete|ta_support_poor,high,,,,,,,mia.chen26@example.edu,,,,,,,,,,feedback_6.csv,p000023
524,combo_scores_plus_location,2025Spring,MG150,Principles of Management,Anika Verma,MG150 is supposed to be easy but the rubric feels like a gotcha. I got 78 on the group project and my teammate Nolan Reed got 92 somehow. Section M4 meets 9:00 AM in Room B-033.,fairness_issue|grading_harsh|assignment_unclear,high,,Nolan Reed,,78.0,92.0,,,,,Section M4,9:00 AM,Room B-033,,,,,feedback_6.csv,p000024
525,phone,2025Fall,PH301,Statistical Mechanics,Zoe Park,"I’m honestly frustrated: the slides are incomplete and the grading feels harsh for tiny algebra slips. I keep spending all weekend on one set. If you found a good resource, text +1-555-0188.",slides_incomplete|grading_harsh|workload_heavy,high,,,,,,,,+1-555-0188,,,,,,,,,feedback_6.csv,p000025
526,combo_self_and_other_scores,2025Spring,AR110,Intro to Creative Workshops,Lina Barros,"Critiques were rushed and feedback was basically one-liners, so improving felt impossible. I got 88, but my friend Devon Saye got 96 and I honestly don't know what I should've changed.",teaching_unclear|materials_poor|slides_incomplete,high,,Devon Saye,,88.0,96.0,,,,,,,,,,,,feedback_6.csv,p000026
527,social_handle,2025Summer,PS330,Research Methods,Elena Rossi,"I’m @stats_spiral and honestly this summer class was a lot. The instructions for assignments were unclear and TA support felt minimal, so you’re just guessing what the rubric wants.",assignment_unclear|ta_support_poor|workload_heavy,high,,,,,,,,,@stats_spiral,,,,,,,,feedback_6.csv,p000027
528,combo_unique_plus_location,2026Spring,RS501,Advanced Topology Seminar,Gareth M. Kline,"RS501 Section R9 at 4:40pm in Chalk Room C-12 is insanely hard. In my seminar talk, I was the only presenter whose slides wouldn’t display because the projector rejected my embedded fonts, so I had to redo the proof at the board from memory. The pace is too fast if you’re not already deep in the material.",difficulty_high|pace_too_fast|materials_poor,mid,,,,,,,,,,Section R9,4:40pm,Chalk Room C-12,,,I was the only presenter whose slides wouldn’t display because the projector rejected my embedded fonts,,feedback_6.csv,p000028
529,combo_self_and_other_scores,2025Spring,CS220,Databases and Applications,Liam Crest,"Workload is nonstop and the sample code is outdated, which is super frustrating. I got 70, but my friend Harper Juno got 85, and we spent the same number of late nights on it.",workload_heavy|materials_poor|content_outdated,high,,Harper Juno,,70.0,85.0,,,,,,,,,,,,feedback_6.csv,p000029
530,phone,2025Fall,QMX350,Quantum Mechanics II,Levon Mirek,QMX350 is brutal and the pace is way too fast for the amount of guidance we get. The midterm felt nothing like the homework. Study group? Call +1-555-0147.,pace_too_fast|exam_too_hard|ta_support_poor,high,,,,,,,,+1-555-0147,,,,,,,,,feedback_6.csv,p000030
531,social_handle,2026Spring,UG101,Foundations of Art History,Priya Anand,"As @late_lecture_notes, I’m annoyed because the lectures jumped eras like crazy and the slides barely had images. Exams felt way harder than what we actually practiced in discussion prompts.",pace_too_fast|slides_incomplete|exam_too_hard,high,,,,,,,,,@late_lecture_notes,,,,,,,,feedback_6.csv,p000031
532,dorm_room,2025Fall,BIO220L,Molecular Biology Lab,Junia Calder,"BIO220L from Maple Court, room 17 was a nightmare this term. Labs take forever and the reports get docked for tiny stuff that was never mentioned.",workload_heavy|grading_harsh|materials_poor,mid,,,,,,,,,,,,,Maple Court,room 17,,,feedback_6.csv,p000032
533,unique_event,2026Spring,GR501,Advanced Thermodynamics,Linnea Vorenk,"Problem sets are heavy and the lecture notes feel incomplete for how hard the questions are. ""I was the only one whose Problem Set 3 PDF rendered as blank pages after the upload portal 'optimized' it."" Spent hours proving I actually did the work.",workload_heavy|slides_incomplete|difficulty_high,mid,,,,,,,,,,,,,,,I was the only one whose Problem Set 3 PDF rendered as blank pages after the upload portal 'optimized' it.,,feedback_6.csv,p000033
534,combo_self_and_other_scores,2026Spring,SM102,Quantum Foundations,Ibrahim Noor,"Problem sets are a weekly punch in the face, and solutions are barely explained. I got 44 while my classmate Priya Lorne got 67, so I'm clearly missing some secret method.",difficulty_high|materials_poor|workload_heavy,high,,Priya Lorne,,44.0,67.0,,,,,,,,,,,,feedback_6.csv,p000034
535,combo_unique_plus_location,2025Fall,QMX350,Quantum Mechanics II,Levon Mirek,"QMX350 Section B2 was brutal at 10:30am in Lumen Hall 3B. On the midterm, my scan uploaded as a 2-page file even though I scanned 9 pages, so my derivation for Q4 just vanished. Grading felt harsh and the pace was way too fast.",exam_too_hard|grading_harsh|pace_too_fast,mid,,,,,,,,,,Section B2,10:30am,Lumen Hall 3B,,,my scan uploaded as a 2-page file even though I scanned 9 pages,,feedback_6.csv,p000035
536,dorm_room,2025Fall,QP-420,Advanced Quantum Plumbing,Dr. Horace Pent,"QP-420 is straight up brutal. Posting from Birch Towers, room 1209: the exams feel way harder than the homework and the lectures are all over the place.",exam_too_hard|difficulty_high|teaching_unclear,mid,,,,,,,,,,,,,Birch Towers,room 1209,,,feedback_6.csv,p000036
537,none,2026Spring,UG301,Introductory Robotics,Marin Osei,"Labs are cool but the instructions are confusing and you lose hours guessing what the autograder wants. When something breaks, TA help is hit-or-miss, so deadlines feel unfair.",assignment_unclear|ta_support_poor|fairness_issue,mid,,,,,,,,,,,,,,,,,feedback_6.csv,p000037
538,section_time_place,2025Fall,ECO305X,Econometrics,Priya Nalav,"ECO305X Section C meets 3:30 PM in Data Lab D-41 and the grading feels unforgiving. Midterm review didn’t match what showed up, so the exam was way too hard.",grading_harsh|exam_too_hard|fairness_issue,mid,,,,,,,,,,Section C,3:30 PM,Data Lab D-41,,,,,feedback_6.csv,p000038
539,student_id,2026Spring,LB220,Elementary Persian I,Omid Farrokh,"I’m 20265803 and I wanted to like this class, but the homework load was way heavier than a beginner language should be. We sprinted through grammar and I kept falling behind.",workload_heavy|pace_too_fast|difficulty_high,mid,,,,,,20265803.0,,,,,,,,,,,feedback_6.csv,p000039
540,name_only,2025Fall,PH301,Statistical Mechanics,Zoe Park,Grading felt harsh and kind of random in PH301. I compared notes with Jonah Pierce and we got docked for totally different things.,grading_harsh|fairness_issue|assignment_unclear,high,,Jonah Pierce,,,,,,,,,,,,,,,feedback_6.csv,p000040
541,social_handle,2025Fall,CMP101X,Introduction to Programming Concepts,Amena Parkash,"I’m @byte_blossom and this class kind of wrecked me. Pace was super fast and the lab instructions were confusing, then grading felt harsh when your code didn’t match the autograder exactly.",pace_too_fast|assignment_unclear|grading_harsh,high,,,,,,,,,@byte_blossom,,,,,,,,feedback_6.csv,p000041
542,section_time_place,2025Fall,UG301,Introduction to Cultural Studies,Marin Orel,UG301 Section 1 at 12:30 PM in Auditorium A-19 is okay but the quizzes feel random compared to the lectures. Also the posted slides are incomplete so studying is a mess.,slides_incomplete|fairness_issue|teaching_unclear,mid,,,,,,,,,,Section 1,12:30 PM,Auditorium A-19,,,,,feedback_6.csv,p000042
543,score_only,2026Fall,AR205,Landscape Painting Studio,Mina Ortega,I got a 92 but critiques still felt kinda random. The workload was heavier than I expected for a studio and the rubric didn’t match the feedback.,workload_heavy|fairness_issue|materials_poor,mid,,,,92.0,,,,,,,,,,,,,feedback_6.csv,p000043
544,email,2025Fall,UG310,Introductory Creativity Workshop,Amira Sol,"The vibe was fun but the project prompts were weirdly vague, like “make something meaningful” and good luck. I spent more time guessing expectations than making stuff. Email me at kai.patel25@example.edu if you found a rubric that actually helped.",assignment_unclear|fairness_issue|slides_incomplete,high,,,,,,,kai.patel25@example.edu,,,,,,,,,,feedback_6.csv,p000044
545,unique_event,2025Fall,UG301,Introduction to Cultural Studies,Marin Orel,"Content was interesting but the final instructions were weirdly unclear. ""I was the only one whose Final submission got returned because the cover page auto-translated my title into a different language in the exported PDF."" That was a stressful fix at 11:59.",assignment_unclear|fairness_issue|materials_poor,mid,,,,,,,,,,,,,,,I was the only one whose Final submission got returned because the cover page auto-translated my title into a different language in the exported PDF.,,feedback_6.csv,p000045
546,phone,2025Fall,ECO305X,Econometrics,Priya Nalav,"This class crushed me. The problem sets feel like riddles and the lectures jump steps like we already know them. If anyone wants to compare notes, text me at +1-555-0123.",assignment_unclear|teaching_unclear|difficulty_high,high,,,,,,,,+1-555-0123,,,,,,,,,feedback_6.csv,p000046
547,score_only,2026Winter,MG409,Quantitative Finance,R. K. Omondi,Finished with a 58 and I feel like I got steamrolled. Problem sets were a time sink and the midterm vs final difficulty jump was ridiculous.,workload_heavy|difficulty_high|exam_too_hard,high,,,,58.0,,,,,,,,,,,,,feedback_6.csv,p000047
548,combo_self_and_other_scores,2025Fall,ART101X,Introduction to Pottery,Marlo Finch,"I wanted to love this, but grading felt totally vibes-based with no rubric. I got 81, and my class buddy Rowan Hale got 94 even though our pieces looked equally finished to me.",fairness_issue|grading_harsh|teaching_unclear,high,,Rowan Hale,,81.0,94.0,,,,,,,,,,,,feedback_6.csv,p000048
549,combo_scores_plus_location,2025Fall,UG301,Advanced Algorithms,Rina Kovac,"UG301 is brutal. I got 54 on the midterm, but my friend Juno Park got 41, so at least I'm not alone. Section B2 meets 10:30 AM in Room C-214 and it still feels like the pace is 2x.",difficulty_high|pace_too_fast|exam_too_hard,high,,Juno Park,,54.0,41.0,,,,,Section B2,10:30 AM,Room C-214,,,,,feedback_6.csv,p000049
550,score_only,2025Fall,UG301,Advanced Algorithms,Rina Kovac,Got a 52 and it felt like the grading was trying to sink everyone. Homework took forever and the solutions were posted way too late to learn from.,grading_harsh|workload_heavy|materials_poor,high,,,,52.0,,,,,,,,,,,,,feedback_6.csv,p000050
551,combo_self_and_other_scores,2025Fall,UG310,Introductory Creativity Workshop,Amira Sol,"Pace is weirdly fast and the prompts change mid-week, which is exhausting. I got 77 and my teammate Mina Kroll got 90, so maybe I just didn't decode what 'bold' meant.",pace_too_fast|assignment_unclear|workload_heavy,high,,Mina Kroll,,77.0,90.0,,,,,,,,,,,,feedback_6.csv,p000051
552,name_only,2025Fall,BIO220L,Molecular Biology Lab,Junia Calder,BIO220L is nonstop lab reports and the instructions are weirdly vague. Sienna Roark and I spent hours guessing what the rubric wanted.,workload_heavy|assignment_unclear|materials_poor,high,,Sienna Roark,,,,,,,,,,,,,,,feedback_6.csv,p000052
553,combo_unique_plus_location,2025Fall,QP-420,Advanced Quantum Plumbing,Dr. Horace Pent,"QP-420 Section P1 at 9:00am in Boiler Lab BL-04 is chaos in the worst way. On HW2, my submission got flagged because I used the “ValveMap_v2” header template that the TA posted, and I was the only one asked to resubmit with a different header. Pace is too fast and the grading feels harsh.",pace_too_fast|grading_harsh|assignment_unclear,high,,,,,,,,,,Section P1,9:00am,Boiler Lab BL-04,,,"my submission got flagged because I used the “ValveMap_v2” header template that the TA posted, and I was the only one asked to resubmit with a different header",,feedback_6.csv,p000053
554,combo_self_and_other_scores,2026Spring,UG301,Introductory Robotics,Marin Osei,"Labs are super time-consuming and the autograder is insanely picky. I got 86, but my roommate Felix Dorn got 98 doing basically the same approach and I cannot figure out why.",workload_heavy|fairness_issue|grading_harsh,high,,Felix Dorn,,86.0,98.0,,,,,,,,,,,,feedback_6.csv,p000054
555,none,2026Spring,SM102,Quantum Foundations,Ibrahim Noor,"Pace is way too fast for a seminar, and the slides are basically outlines with missing derivations. The final felt like a trick quiz on tiny wording differences instead of concepts.",pace_too_fast|slides_incomplete|exam_too_hard,mid,,,,,,,,,,,,,,,,,feedback_6.csv,p000055
556,combo_scores_plus_location,2025Fall,SYN-101,Introduction to Medieval Widgets,Arielle M. Rune,"SYN-101 moves ridiculously fast and the quizzes feel random. I got 91 on Quiz 3, but my study buddy Harper Quill got 67 and is totally stressed. Section Q7 meets 11:45 AM in Room F-402.",pace_too_fast|exam_too_hard|assignment_unclear,high,,Harper Quill,,91.0,67.0,,,,,Section Q7,11:45 AM,Room F-402,,,,,feedback_6.csv,p000056
557,phone,2025Fall,UG310,Introductory Creativity Workshop,Amira Sol,"Projects are fun but the workload is sneakily heavy and the instructions keep changing week to week. I missed a requirement because it was buried in a comment. If you want to swap checklists, hit me at +1-555-0161.",workload_heavy|assignment_unclear|fairness_issue,high,,,,,,,,+1-555-0161,,,,,,,,,feedback_6.csv,p000057
558,combo_self_and_other_scores,2026Spring,UG301,Introductory Robotics,Marin Osei,"The instructions for the weekly lab are confusing and the TA help was basically useless. I got 82, but my friend Selene Ward got 95, and she said she just 'guessed the autograder'.",assignment_unclear|ta_support_poor|teaching_unclear,high,,Selene Ward,,82.0,95.0,,,,,,,,,,,,feedback_6.csv,p000058
559,section_time_place,2025Fall,UG301,Introduction to Cultural Studies,Marin Orel,UG301 Section 3 meets 2:00 PM in Lecture Hall C2 and it feels like we sprint through topics. Slides are missing half the context so you’re stuck guessing what matters.,pace_too_fast|slides_incomplete|teaching_unclear,mid,,,,,,,,,,Section 3,2:00 PM,Lecture Hall C2,,,,,feedback_6.csv,p000059
560,student_id,2024Winter,ED205,Teaching Practicum,Sofia Ren,"I’m 20240126 and the expectations changed depending on who observed you, which felt unfair. The evaluation rubric wasn’t explained well, so it was stressful the whole time.",fairness_issue|teaching_unclear|materials_poor,mid,,,,,,20240126.0,,,,,,,,,,,feedback_6.csv,p000060
561,email,2026Summer,HS205,Global Health Policy,Diego Alvarez,"Seminar discussions were solid, but the grading on essays felt random and the feedback was super thin. I left each paper thinking “okay but what do you want?” If you want to compare outlines, email jules.ward26@example.edu.",grading_harsh|fairness_issue|materials_poor,high,,,,,,,jules.ward26@example.edu,,,,,,,,,,feedback_6.csv,p000061
562,dorm_room,2025Fall,CMP101X,Introduction to Programming Concepts,Amena Parkash,"CMP101X is way more work than it looks on the syllabus. I'm in Juniper House, room 3B and I swear every lab has hidden requirements and the TAs barely help.",workload_heavy|assignment_unclear|ta_support_poor,mid,,,,,,,,,,,,,Juniper House,room 3B,,,feedback_6.csv,p000062
563,student_id,2025Fall,PH301,Statistical Mechanics,Zoe Park,I’m student 20253418 and this class absolutely cooked me. The lectures felt rushed and the midterm questions didn’t match the homework at all.,difficulty_high|pace_too_fast|exam_too_hard,mid,,,,,,20253418.0,,,,,,,,,,,feedback_6.csv,p000063
564,both_score_and_name,2025Fall,AR101,Intro to Studio Art,Maru Nakatani,I got an 82 but it still feels kinda unfair—Elliot Rane turned in something super similar and got praised while I got told it was “unfinished.” The critique guidelines were unclear and the grading feels inconsistent.,fairness_issue|teaching_unclear|grading_harsh,high,,Elliot Rane,,82.0,,,,,,,,,,,,,feedback_6.csv,p000064
565,combo_scores_plus_location,2025Summer,BI230,Ecology and Field Methods,Derek Malle,BI230 field days are exhausting and the lab reports take forever. I got 76 on Lab Report 2 and my partner Rowan Hale got 88. Section F1 meets 7:30 AM in Lab H-07.,workload_heavy|difficulty_high|pace_too_fast,high,,Rowan Hale,,76.0,88.0,,,,,Section F1,7:30 AM,Lab H-07,,,,,feedback_6.csv,p000065
566,score_only,2026Spring,UG498,Quantum Algorithms,Rafael Miron,"Walked away with a 50 and I’m mad about it. The pace was way too fast, and half the time I couldn’t tell what was “important” until it showed up on the exam.",pace_too_fast|teaching_unclear|exam_too_hard,high,,,,50.0,,,,,,,,,,,,,feedback_6.csv,p000066
567,accommodation,2026Spring,UG275,Software Engineering Practices,Evan Kest,UG275 team grading feels kinda unfair when one person coasts and everyone eats it. I have a flexible-deadline accommodation due to a chronic condition.,fairness_issue|grading_harsh,mid,,,,,,,,,,,,,,,,I have a flexible-deadline accommodation due to a chronic condition.,feedback_6.csv,p000067
568,none,2026Fall,PH230,Electrodynamics,Helga Brenn,"Homework was nonstop and grading felt harsh even when the method was right but you missed one sign. Lectures move on before anyone can catch up, so you end up teaching yourself from random notes.",workload_heavy|grading_harsh|pace_too_fast,mid,,,,,,,,,,,,,,,,,feedback_6.csv,p000068
569,combo_self_and_other_scores,2026Spring,UG400,Environmental Statistics,Luca Moretti,"Midterm felt way harder than the practice problems and the grading was stingy. I got 59, while my study partner Kai Neston got 74, and we prepped together for days.",exam_too_hard|grading_harsh|difficulty_high,high,,Kai Neston,,59.0,74.0,,,,,,,,,,,,feedback_6.csv,p000069
570,section_time_place,2025Fall,ECO305X,Econometrics,Priya Nalav,ECO305X Section B at 10:30 AM in Room H-214 is kind of brutal. Problem sets take forever and the instructions feel vague until you already got it wrong.,workload_heavy|assignment_unclear|difficulty_high,mid,,,,,,,,,,Section B,10:30 AM,Room H-214,,,,,feedback_6.csv,p000070
571,section_time_place,2025Winter,TH-330,Applied Thermodynamics,Elijah K. Sorn,"TH-330 Section 2 meets 8:00 AM in Engineering Room E-201 and it’s rough. Labs eat your whole week and the handouts are messy, so you spend hours just decoding them.",workload_heavy|materials_poor|difficulty_high,mid,,,,,,,,,,Section 2,8:00 AM,Engineering Room E-201,,,,,feedback_6.csv,p000071
572,combo_scores_plus_location,2024Spring,PH330,Quantum Concepts,Anika Voss,PH330 grading felt harsh and the exam questions came out of nowhere. I got 62 on the final and my lab partner Eli Torres got 74. Section L1 is 2:00 PM in Hall D-106.,grading_harsh|teaching_unclear|exam_too_hard,high,,Eli Torres,,62.0,74.0,,,,,Section L1,2:00 PM,Hall D-106,,,,,feedback_6.csv,p000072
573,combo_unique_plus_location,2025Fall,PSY150X,Cognitive Psychology,Mika Ren,"PSY150X Section L7 at 2:00pm in Quartz Auditorium Q2 is honestly confusing. During Quiz 3, I was the only one whose answer sheet printed with the questions shifted so the bubbles didn’t line up with the numbers. Teaching felt unclear and the grading on rechecks was super strict.",teaching_unclear|grading_harsh|fairness_issue,mid,,,,,,,,,,Section L7,2:00pm,Quartz Auditorium Q2,,,I was the only one whose answer sheet printed with the questions shifted so the bubbles didn’t line up with the numbers,,feedback_6.csv,p000073
574,social_handle,2026Spring,UG275,Software Engineering Practices,Evan Kest,"I’m @merge_conflict_king and the team project grading felt wildly unfair. Expectations changed week to week and the slides were incomplete, so everyone argued about what “done” even meant.",fairness_issue|slides_incomplete|assignment_unclear,high,,,,,,,,,@merge_conflict_king,,,,,,,,feedback_6.csv,p000074
575,both_score_and_name,2025Fall,ENG404T,Advanced Technical Writing,Sera Holcomb,"Ended with a 79, and I’m salty because Rowan Pike got super vague feedback while mine was nitpicked to death. Instructions for the portfolio kept shifting week to week.",fairness_issue|assignment_unclear|grading_harsh,high,,Rowan Pike,,79.0,,,,,,,,,,,,,feedback_6.csv,p000075
576,email,2026Winter,MG409,Quantitative Finance,R. K. Omondi,"Grading felt harsh and the final was way harder than the practice set. I’m not trying to whine but it was a rough ride. If you want to compare how you studied, hit me at devon.lee26@example.edu.",grading_harsh|exam_too_hard|difficulty_high,high,,,,,,,devon.lee26@example.edu,,,,,,,,,,feedback_6.csv,p000076
577,dorm_room,2024Spring,PH330,Quantum Concepts,Anika Voss,"PH330 moved at warp speed and I couldn't keep up. I'm in Harbor Hall, room 508 and the problem sets felt like they assumed you already knew half the course.",pace_too_fast|difficulty_high|teaching_unclear,mid,,,,,,,,,,,,,Harbor Hall,room 508,,,feedback_6.csv,p000077
578,combo_unique_plus_location,2025Fall,AR101,Intro to Studio Art,Maru Nakatani,"AR101 Section S3 at 6:15pm in Studio Annex 1C was fun but the project instructions were messy. For Project 2 critique, I was the only student told to redo my label because my canvas tag had the title on the “wrong side” even though it matched the demo. Workload got heavy fast.",assignment_unclear|workload_heavy|fairness_issue,mid,,,,,,,,,,Section S3,6:15pm,Studio Annex 1C,,,I was the only student told to redo my label because my canvas tag had the title on the “wrong side” even though it matched the demo,,feedback_6.csv,p000078
579,section_time_place,2026Spring,RS501,Advanced Topology Seminar,Gareth M. Kline,RS501 Section S at 4:00 PM in Seminar Room G-7 is intense in a not-fun way. The reading load is massive and half the time I don’t know what the goal of the discussion is.,workload_heavy|difficulty_high|teaching_unclear,mid,,,,,,,,,,Section S,4:00 PM,Seminar Room G-7,,,,,feedback_6.csv,p000079
580,combo_scores_plus_location,2025Fall,AR101,Intro to Studio Art,Maru Nakatani,"AR101 feedback is super vague and the slides are basically useless. I got 84 on Project 1, but my friend Casey Lin got 95 and says they just ""got it"". Section S2 is 1:20 PM in Studio G-12.",teaching_unclear|slides_incomplete|materials_poor,high,,Casey Lin,,84.0,95.0,,,,,Section S2,1:20 PM,Studio G-12,,,,,feedback_6.csv,p000080
581,combo_self_and_other_scores,2025Fall,PSY150X,Cognitive Psychology,Mika Ren,"Brutal exams and the questions feel like riddles. I got 61, but my friend Janelle Park got 84, so I guess it's possible if you memorize everything.",exam_too_hard|teaching_unclear|pace_too_fast,high,,Janelle Park,,61.0,84.0,,,,,,,,,,,,feedback_6.csv,p000081
582,both_score_and_name,2025Fall,BIO220L,Molecular Biology Lab,Junia Calder,Pulled a 68 and I’m frustrated because Mira Voss and I followed the same protocol and still got docked for “unclear results.” Workload is heavy and the lab report rubrics feel like a moving target.,workload_heavy|grading_harsh|assignment_unclear,high,,Mira Voss,,68.0,,,,,,,,,,,,,feedback_6.csv,p000082
583,score_only,2025Summer,BI214,Cell Physiology Lab,Nora G. Patel,Ended with a 74 and the labs were nonstop. The slides were incomplete so you basically had to guess what details mattered for quizzes.,workload_heavy|slides_incomplete|materials_poor,mid,,,,74.0,,,,,,,,,,,,,feedback_6.csv,p000083
584,dorm_room,2026Spring,UG400,Environmental Statistics,Luca Moretti,"UG400 is drowning me in weekly sets and the slides are missing steps. I'm in Willow Residence, room 44A and it feels unfair when the solutions use methods we never covered.",workload_heavy|slides_incomplete|fairness_issue,mid,,,,,,,,,,,,,Willow Residence,room 44A,,,feedback_6.csv,p000084
585,student_id,2026Spring,UG498,Quantum Algorithms,Rafael Miron,student_id 20260177 here: the pace is insane and the slides feel like half-finished notes. I spent hours and still didn’t know what the assignments were asking.,pace_too_fast|slides_incomplete|assignment_unclear,mid,,,,,,20260177.0,,,,,,,,,,,feedback_6.csv,p000085
586,student_id,2026Spring,UG301,Introductory Robotics,Marin Osei,"I’m student 20260734 and honestly the labs were a mess. The instructions were unclear, and the autograder felt unfair when it failed for tiny sensor noise.",assignment_unclear|materials_poor|fairness_issue,mid,,,,,,20260734.0,,,,,,,,,,,feedback_6.csv,p000086
587,section_time_place,2025Fall,ENG404T,Advanced Technical Writing,Sera Holcomb,ENG404T Section 01 at 9:00 AM in Writing Studio W-10 is way more time-consuming than I expected. Feedback is super picky and the grading feels harsh for tiny formatting stuff.,workload_heavy|grading_harsh|fairness_issue,mid,,,,,,,,,,Section 01,9:00 AM,Writing Studio W-10,,,,,feedback_6.csv,p000087
588,unique_event,2026Summer,HS205,Global Health Policy,Diego Alvarez,"Seminar discussions are fine, but the essay grading felt unpredictable. ""I was the only student whose Midterm essay file opened as 'read-only' on their end, so my inline citations got counted as missing."" Not fun arguing about a technical glitch.",grading_harsh|fairness_issue|materials_poor,mid,,,,,,,,,,,,,,,"I was the only student whose Midterm essay file opened as 'read-only' on their end, so my inline citations got counted as missing.",,feedback_6.csv,p000088
589,combo_self_and_other_scores,2026Spring,UG400,Environmental Statistics,Luca Moretti,"The slides skip steps, so homework turns into a scavenger hunt across random sources. I got 68 and my friend Tessa Vahl got 79, and we both felt like we were teaching ourselves.",slides_incomplete|materials_poor|workload_heavy,high,,Tessa Vahl,,68.0,79.0,,,,,,,,,,,,feedback_6.csv,p000089
590,unique_event,2026Summer,AL-502,Algebraic Palindromes,Renata F. Qiu,"Homework directions are vague and the grading is kind of ruthless. ""I was the only person whose Homework 2 got flagged for 'wrong header template' even though it matched the PDF they posted."" Felt like I was fighting the format instead of the math.",assignment_unclear|grading_harsh|fairness_issue,mid,,,,,,,,,,,,,,,I was the only person whose Homework 2 got flagged for 'wrong header template' even though it matched the PDF they posted.,,feedback_6.csv,p000090
591,score_only,2026Fall,PH230,Electrodynamics,Helga Brenn,I pulled a 63 but it didn’t feel earned so much as survived. Lectures were hard to follow and the homework felt disconnected from what we practiced.,teaching_unclear|assignment_unclear|difficulty_high,high,,,,63.0,,,,,,,,,,,,,feedback_6.csv,p000091
592,combo_self_and_other_scores,2025Spring,CS220,Databases and Applications,Liam Crest,"The project specs were so vague it felt like guessing what the grader wanted. I got 73 and my lab partner Omar Keene got 92, and we literally built the same features.",assignment_unclear|fairness_issue|grading_harsh,high,,Omar Keene,,73.0,92.0,,,,,,,,,,,,feedback_6.csv,p000092
593,unique_event,2025Fall,UGF201,Abstract Algebra I,Tamsin Qori,"Grading felt super harsh and the solutions write-ups were hard to follow. ""I was the only one whose Midterm 1 scan uploaded upside-down and got marked as missing pages."" Still annoyed because it changed how my work was interpreted.",grading_harsh|teaching_unclear|fairness_issue,mid,,,,,,,,,,,,,,,I was the only one whose Midterm 1 scan uploaded upside-down and got marked as missing pages.,,feedback_6.csv,p000093
594,accommodation,2025Spring,GS510,Advanced Research Seminar,Priya Len,"GS510 feedback is so vague that it’s hard to improve, and the bar feels impossibly high. I have a registered note-taking accommodation for seminars.",teaching_unclear|difficulty_high,high,,,,,,,,,,,,,,,,I have a registered note-taking accommodation for seminars.,feedback_6.csv,p000094
595,score_only,2026Winter,MG409,Quantitative Finance,R. K. Omondi,Walked out with a 58 and I swear the grading was harsh for no reason. The problem sets were long and the TA help was pretty useless.,grading_harsh|workload_heavy|ta_support_poor,high,,,,58.0,,,,,,,,,,,,,feedback_6.csv,p000095
596,name_only,2025Fall,ART101X,Introduction to Pottery,Marlo Finch,ART101X sounded chill but the project expectations are all over the place. Theo Lang and I got totally confused about what counted as “finished.”,assignment_unclear|materials_poor|fairness_issue,high,,Theo Lang,,,,,,,,,,,,,,,feedback_6.csv,p000096
597,section_time_place,2026Summer,HS205,Global Health Policy,Diego Alvarez,"HS205 Section 5 meets 6:00 PM in Building N Room 12, and it constantly collides with other commitments. The pace is fast and the essay prompts are weirdly unclear.",schedule_conflict|pace_too_fast|assignment_unclear,mid,,,,,,,,,,Section 5,6:00 PM,Building N Room 12,,,,,feedback_6.csv,p000097
598,combo_unique_plus_location,2026Spring,UG275,Software Engineering Practices,Evan Kest,"UG275 Section T4 at 1:10pm in Nexus Room N-210 had a cool project idea but the rubric is vague. In the demo, I was the only one whose CI pipeline failed because the starter repo accidentally had my branch protection turned on, so I couldn’t push the fix live. TA support felt weak when I asked what to do.",assignment_unclear|ta_support_poor|fairness_issue,mid,,,,,,,,,,Section T4,1:10pm,Nexus Room N-210,,,"I was the only one whose CI pipeline failed because the starter repo accidentally had my branch protection turned on, so I couldn’t push the fix live",,feedback_6.csv,p000098
599,accommodation,2025Fall,CMP101X,Introduction to Programming Concepts,Amena Parkash,CMP101X would be way less brutal if the lab instructions were clearer. I have an approved extended time accommodation for timed quizzes.,assignment_unclear|workload_heavy,mid,,,,,,,,,,,,,,,,I have an approved extended time accommodation for timed quizzes.,feedback_6.csv,p000099
600,email,2025Spring,GS510,Advanced Research Seminar,Priya Len,"The feedback was thoughtful, but the grading rubric felt a bit mysterious and stressful. If you want to compare outlines, ping nina.ortiz44@example.edu.",grading_harsh|fairness_issue,low,,,,,,,nina.ortiz44@example.edu,,,,,,,,,,feedback_7.csv,p000000
601,both_score_and_name,2025Fall,ENG404T,Advanced Technical Writing,Sera Holcomb,"Final grade 84, but the feedback was sometimes vague so revisions felt like guessing. Maya Renshaw said the rubric kept shifting week to week.",teaching_unclear|fairness_issue,low,,Maya Renshaw,,84.0,,,,,,,,,,,,,feedback_7.csv,p000001
602,phone,2025Summer,BI214,Cell Physiology Lab,Nora G. Patel,"Lab writeups are super time-consuming and the TA feedback was minimal. If someone wants to swap notes, text +1-555-0124.",workload_heavy|ta_support_poor,low,,,,,,,,+1-555-0124,,,,,,,,,feedback_7.csv,p000002
603,combo_self_and_other_scores,2025Spring,CS220,Databases and Applications,Liam Crest,"Project spec was messy and the slides skipped steps. I got 73, and my labmate Petra Zinn got 81. Not awful, just more frustrating than it needed to be.",slides_incomplete|assignment_unclear|materials_poor,low,,Petra Zinn,,73.0,81.0,,,,,,,,,,,,feedback_7.csv,p000003
604,social_handle,2025Fall,WM-101,World Mythologies,Sofia D. Laurent,"Loved the stories in WM-101, but essay prompts were kinda vague and I never knew what the grader wanted. Started fun, then the workload ramped up near the end. @myth_reader",assignment_unclear|workload_heavy|grading_harsh,low,,,,,,,,,@myth_reader,,,,,,,,feedback_7.csv,p000004
605,student_id,2025Winter,EC410,Global Markets and Policy,Rafael Orme,"I'm 20257631 and the grading on essays feels unpredictable even when you follow the rubric. Lectures are interesting, but the expectations could be way clearer.",grading_harsh|fairness_issue|teaching_unclear,low,,,,,,20257631.0,,,,,,,,,,,feedback_7.csv,p000005
606,section_time_place,2026Spring,UG498,Quantum Algorithms,Rafael Miron,"UG498 Section R at 12:00 PM in Hall N-33 conflicted with my lab, so I missed stuff a lot. The TAs weren't super helpful when I tried to catch up.",schedule_conflict|ta_support_poor,low,,,,,,,,,,Section R,12:00 PM,Hall N-33,,,,,feedback_7.csv,p000006
607,combo_self_and_other_scores,2026Spring,SM102,Quantum Foundations,Ibrahim Noor,"Cool discussions but the pacing was intense for a seminar. I got 55, and my cohort mate Elio March got 67. Readings felt longer than the syllabus implied.",pace_too_fast|workload_heavy,low,,Elio March,,55.0,67.0,,,,,,,,,,,,feedback_7.csv,p000007
608,section_time_place,2026Fall,CS330,Parallel Algorithms,Ethan Park,"CS330 Section 2 at 11:00 AM in Lab S-210 was interesting, but the lectures jumped steps a lot. Project milestones also piled up fast.",teaching_unclear|workload_heavy|pace_too_fast,low,,,,,,,,,,Section 2,11:00 AM,Lab S-210,,,,,feedback_7.csv,p000008
609,student_id,2026Fall,BI220,Cell Biology,Hiro Tan,Labs are intense and the writeups take forever. I'm 20261273 and I wish the lab handouts were clearer before we start.,workload_heavy|materials_poor|teaching_unclear,low,,,,,,20261273.0,,,,,,,,,,,feedback_7.csv,p000009
610,section_time_place,2025Fall,ART101X,Introduction to Pottery,Marlo Finch,ART101X Section 3 at 2:00 PM in Studio K-12 was fun but the project expectations were kinda vague. I wish the rubric was clearer.,assignment_unclear|slides_incomplete,low,,,,,,,,,,Section 3,2:00 PM,Studio K-12,,,,,feedback_7.csv,p000010
611,name_only,2025Fall,WM-101,World Mythologies,Sofia D. Laurent,"Loved the stories and discussions, but the slide decks felt kind of incomplete. I ended up sharing my notes with Casey Ruan so we could piece together the themes before essays. Participation helps a lot.",slides_incomplete|materials_poor,low,,Casey Ruan,,,,,,,,,,,,,,,feedback_7.csv,p000011
612,score_only,2026Spring,UG330,Database Systems,Nia Havel,"My final grade was 71. Projects taught a lot, but the rubric felt inconsistent across checkpoints.",fairness_issue|grading_harsh,low,,,,71.0,,,,,,,,,,,,,feedback_7.csv,p000012
613,score_only,2026Spring,LB102,Creative Writing Workshop,Sana Kadir,"Finished with 90. Feedback was helpful, but sometimes instructions for revisions were a bit unclear.",assignment_unclear|materials_poor,low,,,,90.0,,,,,,,,,,,,,feedback_7.csv,p000013
614,section_time_place,2025Summer,PS330,Research Methods,Elena Rossi,PS330 Section A met at 8:00 AM in Hall C-17 and the workload was heavy for a summer class. The grading also felt pretty strict.,workload_heavy|grading_harsh,low,,,,,,,,,,Section A,8:00 AM,Hall C-17,,,,,feedback_7.csv,p000014
615,phone,2025Fall,MT201,Foundations of Calculus,Evan Kaito,"MT201 ramps up fast and the homework takes forever. If anyone wants to form a small study group, text me at +1-555-0107.",difficulty_high|workload_heavy|pace_too_fast,low,,,,,,,,+1-555-0107,,,,,,,,,feedback_7.csv,p000015
616,dorm_room,2025Fall,SYN-101,Introduction to Medieval Widgets,Arielle M. Rune,"Studying for SYN-101 in Bramble Hall, room 312 and honestly the quizzes feel kinda rushed. Lectures are fun but the pacing jumps around week to week.",pace_too_fast|teaching_unclear,low,,,,,,,,,,,,,Bramble Hall,room 312,,,feedback_7.csv,p000016
617,section_time_place,2026Summer,PSY-X12,Introduction to Dream Interpretation,Noam L. Berri,PSY-X12 Section 1 at 6:00 PM in Seminar Room P-3 was chill but the readings felt dated. Quizzes were oddly picky for how subjective the topics are.,content_outdated|grading_harsh,low,,,,,,,,,,Section 1,6:00 PM,Seminar Room P-3,,,,,feedback_7.csv,p000017
618,unique_event,2026Spring,UG201,Statistical Mechanics II,Lian Zhou,"Content is super interesting but the pace is intense and the labs stack up fast. ""I was the only student whose lab notebook had the pages stapled in reverse order,"" and the TA thought I skipped half the steps.",pace_too_fast|workload_heavy|ta_support_poor,low,,,,,,,,,,,,,,,I was the only student whose lab notebook had the pages stapled in reverse order,,feedback_7.csv,p000018
619,dorm_room,2025Fall,HC410,Intro to Economic Thinking,Patricia Ames,"HC410 is not terrible, but the exams are harder than the practice stuff. I’m in Cedar Court, room 118 trying to keep up with the curve stress.",exam_too_hard|difficulty_high,low,,,,,,,,,,,,,Cedar Court,room 118,,,feedback_7.csv,p000019
620,student_id,2026Spring,UG498,Quantum Algorithms,Rafael Miron,Student 20264580 here—cool topic but the midterm felt brutal compared to the practice questions. I wish there were more worked examples to study from.,exam_too_hard|difficulty_high|slides_incomplete,low,,,,,,20264580.0,,,,,,,,,,,feedback_7.csv,p000020
621,combo_self_and_other_scores,2025Fall,ECO305X,Econometrics,Priya Nalav,"Midterm felt like it tested tricks more than understanding. I got 62, and my friend Mira Solace got 78. Lectures were okay, but the exam was rough.",exam_too_hard|grading_harsh,low,,Mira Solace,,62.0,78.0,,,,,,,,,,,,feedback_7.csv,p000021
622,section_time_place,2026Spring,UG400,Environmental Statistics,Luca Moretti,UG400 Section D met at 3:30 PM in Room M-105 and the homework took forever. The slides were missing key steps so I had to piece it together.,workload_heavy|slides_incomplete,low,,,,,,,,,,Section D,3:30 PM,Room M-105,,,,,feedback_7.csv,p000022
623,accommodation,2026Spring,UG301,Introductory Robotics,Marin Osei,Labs are cool but the auto-grader is picky and the instructions can be confusing. I use voice-to-text as an approved accommodation.,assignment_unclear|grading_harsh,low,,,,,,,,,,,,,,,,I use voice-to-text as an approved accommodation.,feedback_7.csv,p000023
624,accommodation,2025Fall,PH301,Statistical Mechanics,Zoe Park,PH301 is interesting but the midterm felt way harder than the practice set. I’m registered with extended time through the accessibility office.,difficulty_high|exam_too_hard,low,,,,,,,,,,,,,,,,I’m registered with extended time through the accessibility office.,feedback_7.csv,p000024
625,email,2025Fall,UG301,Advanced Algorithms,Rina Kovac,"Cool topics but the pace felt kinda brutal, and some homework prompts were vague. If anyone has clarification, email me at mia.hart27@example.edu.",pace_too_fast|assignment_unclear|workload_heavy,low,,,,,,,mia.hart27@example.edu,,,,,,,,,,feedback_7.csv,p000025
626,combo_scores_plus_location,2026Spring,UG330,Database Systems,Nia Havel,"UG330 Section C at 3:15 PM in Juniper Center 310 is project-heavy. I got 66 on Project 1, while my teammate Oren Pike got 78, and I wish the starter code was explained better.",workload_heavy|materials_poor,low,,Oren Pike,,66.0,78.0,,,,,Section C,3:15 PM,Juniper Center 310,,,,,feedback_7.csv,p000026
627,combo_scores_plus_location,2026Spring,UG201,Statistical Mechanics II,Lian Zhou,"UG201 Section F at 11:00 AM in Snowfield Hall 22 is tough and the grading feels harsh. I got 54 on the midterm and my study buddy Elia Rook got 61, but partial credit was super stingy.",grading_harsh|difficulty_high,low,,Elia Rook,,54.0,61.0,,,,,Section F,11:00 AM,Snowfield Hall 22,,,,,feedback_7.csv,p000027
628,combo_self_and_other_scores,2026Fall,PH230,Electrodynamics,Helga Brenn,"Homework was nonstop and didn’t always match the exam style. I got 65, and my study partner Lila Norne got 52. If you fall behind, it snowballs fast.",workload_heavy|pace_too_fast|exam_too_hard,low,,Lila Norne,,65.0,52.0,,,,,,,,,,,,feedback_7.csv,p000028
629,combo_scores_plus_location,2026Fall,BI220,Cell Biology,Hiro Tan,"BI220 Section B at 9:00 AM in Glassfern Building 105 has labs that take forever. I got 59 on the lab practical, and my partner Theo Marr got 70, so I’m clearly doing something wrong with the prep.",workload_heavy|difficulty_high,low,,Theo Marr,,59.0,70.0,,,,,Section B,9:00 AM,Glassfern Building 105,,,,,feedback_7.csv,p000029
630,student_id,2026Spring,UG330,Database Systems,Nia Havel,"Project specs feel kinda slippery—like you finish and then learn it wasn't what they meant. Student ID 20263409 here, trying to keep up but the workload is a lot.",workload_heavy|assignment_unclear|teaching_unclear,low,,,,,,20263409.0,,,,,,,,,,,feedback_7.csv,p000030
631,unique_event,2025Fall,HC410,Intro to Economic Thinking,Patricia Ames,"The lectures were fine but the midterm felt way faster than the practice set. Also, ""I was the only one whose Scantron got printed with the bubbles shifted one column right,"" so my answers looked wrong until they rechecked.",exam_too_hard|pace_too_fast|fairness_issue,low,,,,,,,,,,,,,,,I was the only one whose Scantron got printed with the bubbles shifted one column right,,feedback_7.csv,p000031
632,combo_self_and_other_scores,2026Spring,UG275,Software Engineering Practices,Evan Kest,"Content is practical but the lectures were kind of scattered. I got 61, and my friend Keon Fable got 70. The midterm felt harsher than the practice questions.",teaching_unclear|exam_too_hard|grading_harsh,low,,Keon Fable,,61.0,70.0,,,,,,,,,,,,feedback_7.csv,p000032
633,email,2025Fall,HFA210,Contemporary Film Appreciation,Jonas Evert,"Fun discussions, but the participation grading felt kinda inconsistent week to week. If you noticed the same, email me at taylor.ng56@example.edu.",fairness_issue|grading_harsh,low,,,,,,,taylor.ng56@example.edu,,,,,,,,,,feedback_7.csv,p000033
634,section_time_place,2026Spring,RS501,Advanced Topology Seminar,Gareth M. Kline,RS501 Section S met at 4:00 PM in Room T-401 and it was intense every week. Presentations moved so fast that feedback felt rushed.,difficulty_high|pace_too_fast,low,,,,,,,,,,Section S,4:00 PM,Room T-401,,,,,feedback_7.csv,p000034
635,combo_self_and_other_scores,2026Spring,SM102,Quantum Foundations,Ibrahim Noor,"The final prompt was kind of unclear, so everyone interpreted it differently. I got 49, while my friend Soren Vale got 58. I wish we had a sample outline beforehand.",assignment_unclear|fairness_issue|teaching_unclear,low,,Soren Vale,,49.0,58.0,,,,,,,,,,,,feedback_7.csv,p000035
636,section_time_place,2025Fall,CF-210,Computational Folklore,Maya R. Brant,CF-210 Section B felt super rushed. I had it at 10:30 AM in Room H-204 and the quizzes came out of nowhere.,pace_too_fast|assignment_unclear,low,,,,,,,,,,Section B,10:30 AM,Room H-204,,,,,feedback_7.csv,p000036
637,dorm_room,2025Fall,ENG404T,Advanced Technical Writing,Sera Holcomb,"Writing nonstop in Lumen House, room 4B. The feedback is helpful, but the workload piles up fast and the assignment directions can be weirdly vague.",workload_heavy|assignment_unclear,low,,,,,,,,,,,,,Lumen House,room 4B,,,feedback_7.csv,p000037
638,unique_event,2026Spring,RS501,Advanced Topology Seminar,Gareth M. Kline,"Really challenging material and sometimes the explanations jumped a few steps. ""In my seminar talk, the projector cropped off the right third of my diagrams only for my slides,"" so my argument looked incomplete to everyone.",difficulty_high|teaching_unclear|pace_too_fast,low,,,,,,,,,,,,,,,"In my seminar talk, the projector cropped off the right third of my diagrams only for my slides",,feedback_7.csv,p000038
639,dorm_room,2026Winter,MG409,Quantitative Finance,R. K. Omondi,"MG409 is frying my brain in Northgate Dorm, room 907. Problem sets take forever and the grading feels a bit unforgiving even when you’re close.",workload_heavy|grading_harsh|difficulty_high,low,,,,,,,,,,,,,Northgate Dorm,room 907,,,feedback_7.csv,p000039
640,phone,2026Spring,UG330,Database Systems,Nia Havel,"Projects are interesting but the instructions feel vague and grading is kinda harsh. If you figured out the rubric, please call +1-555-0119.",assignment_unclear|grading_harsh,low,,,,,,,,+1-555-0119,,,,,,,,,feedback_7.csv,p000040
641,email,2025Fall,QMX350,Quantum Mechanics II,Levon Mirek,Problem sets took forever and I still wasn’t sure what the graders wanted. Maybe a solution-outline would help—reach me at devon.lee19@example.edu.,workload_heavy|grading_harsh|teaching_unclear,low,,,,,,,devon.lee19@example.edu,,,,,,,,,,feedback_7.csv,p000041
642,student_id,2024Spring,PH330,Quantum Concepts,Anika Voss,"I'm student 20249822 and honestly the pace is a bit wild—one week I'm fine, next week I'm lost. Problem sets feel harder than what was shown in lecture.",pace_too_fast|difficulty_high|teaching_unclear,low,,,,,,20249822.0,,,,,,,,,,,feedback_7.csv,p000042
643,combo_unique_plus_location,2025Fall,ECO305X,Econometrics,Priya Nalav,"ECO305X is intense but I learned a lot. In section B2 at 11:00–11:50, Room L-204, I was the only one whose problem set PDF exported with all the regression tables as blank boxes, so my submission looked empty. Wish the grading rubric was clearer.",workload_heavy|grading_harsh|assignment_unclear,low,,,,,,,,,,section B2,11:00–11:50,Room L-204,,,I was the only one whose problem set PDF exported with all the regression tables as blank boxes,,feedback_7.csv,p000043
644,none,2026Fall,BI220,Cell Biology,Hiro Tan,Labs were intense and the lab handouts felt kinda incomplete. Exams were fair-ish but the overall workload is heavy.,workload_heavy|slides_incomplete|materials_poor,low,,,,,,,,,,,,,,,,,feedback_7.csv,p000044
645,section_time_place,2026Fall,CS330,Parallel Algorithms,Ethan Park,I was in CS330 Section 5 at 9:30 AM in Lecture Hall V-2 and the midterm was way harder than the practice set. Also felt like the curve was inconsistent.,exam_too_hard|fairness_issue,low,,,,,,,,,,Section 5,9:30 AM,Lecture Hall V-2,,,,,feedback_7.csv,p000045
646,combo_scores_plus_location,2026Spring,RS-799,Independent Study: Recursive Songwriting,K. O. Thales,"RS-799 Section I at 4:45 PM in Echo Annex 6 felt a bit unstructured. I got 55 on the first portfolio check-in, while my peer Rowan Cale got 63, and I wish the feedback was more concrete.",teaching_unclear|materials_poor,low,,Rowan Cale,,55.0,63.0,,,,,Section I,4:45 PM,Echo Annex 6,,,,,feedback_7.csv,p000046
647,combo_self_and_other_scores,2025Fall,SYN-101,Introduction to Medieval Widgets,Arielle M. Rune,"Fun topic, but the assignments were weirdly vague. I got 84, and my classmate Jules Marrow got 92. Would’ve helped to see more examples of “good” submissions.",assignment_unclear|materials_poor,low,,Jules Marrow,,84.0,92.0,,,,,,,,,,,,feedback_7.csv,p000047
648,combo_scores_plus_location,2025Fall,QP-420,Advanced Quantum Plumbing,Dr. Horace Pent,"QP-420 Section B at 10:30 AM in Ridgetop Hall 204 was brutal. I got 57 and my lab partner Mira Dens got 43, and we both left the midterm confused.",exam_too_hard|teaching_unclear,low,,Mira Dens,,57.0,43.0,,,,,Section B,10:30 AM,Ridgetop Hall 204,,,,,feedback_7.csv,p000048
649,score_only,2025Spring,AR110,Intro to Creative Workshops,Lina Barros,"Got a 95 overall. Super supportive vibe, but the pacing was fast if you fell behind on the portfolio.",pace_too_fast|workload_heavy,low,,,,95.0,,,,,,,,,,,,,feedback_7.csv,p000049
650,combo_self_and_other_scores,2025Fall,QMX350,Quantum Mechanics II,Levon Mirek,"Brutal midterm curve. I got 54, and my lab partner Nia Calder got 41. Problem sets felt way harder than what we practiced.",difficulty_high|exam_too_hard|grading_harsh,low,,Nia Calder,,54.0,41.0,,,,,,,,,,,,feedback_7.csv,p000050
651,accommodation,2025Summer,PS330,Research Methods,Elena Rossi,"The paper expectations were kinda unclear until the last minute, which was stressful. I have an accommodation for captioned videos on all course media.",teaching_unclear|materials_poor,low,,,,,,,,,,,,,,,,I have an accommodation for captioned videos on all course media.,feedback_7.csv,p000051
652,combo_self_and_other_scores,2025Fall,QMX350,Quantum Mechanics II,Levon Mirek,"Lectures moved fast and I was constantly catching up. I got 46 on the final, while my friend Omar Venn got 59. Wish the teaching was a bit clearer on the derivations.",pace_too_fast|teaching_unclear|exam_too_hard,low,,Omar Venn,,46.0,59.0,,,,,,,,,,,,feedback_7.csv,p000052
653,name_only,2025Fall,CS420,Systems Programming II,Hiro Tanek,"If you take this, budget a ton of time for debugging. Jordan Pike and I spent an entire weekend chasing one pointer bug. Lectures are ok but the projects are brutal.",workload_heavy|difficulty_high,low,,Jordan Pike,,,,,,,,,,,,,,,feedback_7.csv,p000053
654,combo_unique_plus_location,2025Fall,QMX350,Quantum Mechanics II,Levon Mirek,"QMX350 is fascinating but wow, it's hard. In section A7 at 16:10–17:25, Room P-303, I was the only one whose midterm booklet had two copies of page 5 and no page 6, so I missed an entire part until the last minute. The curve helped but still stressful.",difficulty_high|exam_too_hard|pace_too_fast,low,,,,,,,,,,section A7,16:10–17:25,Room P-303,,,I was the only one whose midterm booklet had two copies of page 5 and no page 6,,feedback_7.csv,p000054
655,unique_event,2025Spring,MG150,Principles of Management,Anika Verma,"Group project was a lot of coordination and the rubric felt a bit fuzzy. ""Our team was the only one told to redo the slide deck because the template auto-swapped all bullet points into checkboxes,"" which wasted a whole evening.",workload_heavy|assignment_unclear|fairness_issue,low,,,,,,,,,,,,,,,Our team was the only one told to redo the slide deck because the template auto-swapped all bullet points into checkboxes,,feedback_7.csv,p000055
656,social_handle,2026Spring,SM102,Quantum Foundations,Ibrahim Noor,SM102 is honestly brutal if you don’t already have the math background. Problem sets took forever and the pace was nonstop. @qubit_newbie,difficulty_high|workload_heavy|pace_too_fast,low,,,,,,,,,@qubit_newbie,,,,,,,,feedback_7.csv,p000056
657,accommodation,2026Summer,AL-502,Algebraic Palindromes,Renata F. Qiu,Fun topic but the pace is brutal for a summer term and I’m always behind. I have a note for flexible deadlines due to chronic migraines.,pace_too_fast|workload_heavy,low,,,,,,,,,,,,,,,,I have a note for flexible deadlines due to chronic migraines.,feedback_7.csv,p000057
658,combo_unique_plus_location,2026Spring,RS501,Advanced Topology Seminar,Gareth M. Kline,"Super small seminar, super challenging, but the discussions were good. In section S2 at 10:00–11:15, Room H-041, I was the only one whose presentation file opened in grayscale and made my color-coded commutative diagram unreadable, so I had to redraw it on the fly. Would love clearer expectations for proofs.",difficulty_high|teaching_unclear|assignment_unclear,low,,,,,,,,,,section S2,10:00–11:15,Room H-041,,,"I was the only one whose presentation file opened in grayscale and made my color-coded commutative diagram unreadable, so I had to redraw it on the fly",,feedback_7.csv,p000058
659,social_handle,2025Fall,HC410,Intro to Economic Thinking,Patricia Ames,"HC410 wasn’t terrible, but the exams felt way harder than the practice questions. The curve helped, still stressful. @econ_novice",exam_too_hard|materials_poor,low,,,,,,,,,@econ_novice,,,,,,,,feedback_7.csv,p000059
660,none,2024Spring,PH330,Quantum Concepts,Anika Voss,Really interesting topics but the problem sets got brutal fast. I spent way more time on this than my other classes.,difficulty_high|workload_heavy,low,,,,,,,,,,,,,,,,,feedback_7.csv,p000060
661,combo_unique_plus_location,2026Fall,PH230,Electrodynamics,Helga Brenn,"PH230 homework takes forever and the solutions aren't explained much. In section F5 at 08:00–08:50, Room J-309, I was the only one whose online homework flagged me for ""multiple tabs"" because I opened the formula sheet PDF in a new window, and it locked my attempt. The TA fixed it, but it spiked my stress.",workload_heavy|ta_support_poor|fairness_issue,low,,,,,,,,,,section F5,08:00–08:50,Room J-309,,,"I was the only one whose online homework flagged me for ""multiple tabs"" because I opened the formula sheet PDF in a new window, and it locked my attempt",,feedback_7.csv,p000061
662,student_id,2025Fall,UGF201,Abstract Algebra I,Tamsin Qori,"If anyone needs a study buddy, I'm student 20258714. The homeworks ramp up fast and I keep second-guessing what the questions want.",difficulty_high|assignment_unclear|pace_too_fast,low,,,,,,20258714.0,,,,,,,,,,,feedback_7.csv,p000062
663,combo_self_and_other_scores,2025Fall,SYN-101,Introduction to Medieval Widgets,Arielle M. Rune,"Quizzes were fine but grading felt inconsistent week to week. I got 87 overall, and my study buddy Tessa Quill got 79. Not terrible, just confusing rubrics.",grading_harsh|fairness_issue,low,,Tessa Quill,,87.0,79.0,,,,,,,,,,,,feedback_7.csv,p000063
664,score_only,2025Winter,EC410,Global Markets and Policy,Rafael Orme,Ended with 57. Lectures were interesting but the exams felt disconnected from what we practiced.,exam_too_hard|teaching_unclear,low,,,,57.0,,,,,,,,,,,,,feedback_7.csv,p000064
665,unique_event,2026Spring,UG210,Microeconomics,Tomas Edrich,"Decent class overall, but the grading felt picky on small graph details. ""My final got stapled with a completely blank sheet as page 2,"" and it looked like I left a question unanswered until they found the real page.",grading_harsh|fairness_issue,low,,,,,,,,,,,,,,,My final got stapled with a completely blank sheet as page 2,,feedback_7.csv,p000065
666,score_only,2025Fall,UG301,Introduction to Cultural Studies,Marin Orel,"Ended up with 84 overall. Fun topics, but the final covered way more details than I expected.",exam_too_hard|pace_too_fast,low,,,,84.0,,,,,,,,,,,,,feedback_7.csv,p000066
667,name_only,2025Fall,QMX350,Quantum Mechanics II,Levon Mirek,"Super interesting topics, but the pace is way too fast once you hit perturbation stuff. I compared notes with Mira Voss and we were both lost on the homework wording. Still learned a lot, just stressful.",pace_too_fast|assignment_unclear|difficulty_high,low,,Mira Voss,,,,,,,,,,,,,,,feedback_7.csv,p000067
668,combo_self_and_other_scores,2025Fall,ECO305X,Econometrics,Priya Nalav,"Problem sets took forever and the solutions weren’t super helpful. I got 71, and my teammate Rowan Kline got 64. Expect a heavy workload if you’re rusty on stats.",workload_heavy|materials_poor|difficulty_high,low,,Rowan Kline,,71.0,64.0,,,,,,,,,,,,feedback_7.csv,p000068
669,unique_event,2026Summer,PSY-X12,Introduction to Dream Interpretation,Noam L. Berri,"Fun discussions, but the essay prompts were kind of vague and hard to aim at. ""My essay file uploaded as a zero-byte document even though it opened fine on my laptop,"" so I had to prove the timestamp with screenshots.",assignment_unclear|fairness_issue|grading_harsh,low,,,,,,,,,,,,,,,My essay file uploaded as a zero-byte document even though it opened fine on my laptop,,feedback_7.csv,p000069
670,combo_unique_plus_location,2025Fall,PH301,Statistical Mechanics,Zoe Park,"PH301 moves fast and the exams feel brutal. In section C1 at 14:00–14:50, Room K-118, I was the only student told to re-derive Q2 on the board because my answer used an unusual notation from the optional handout. I get why, but it was embarrassing.",pace_too_fast|exam_too_hard|teaching_unclear,low,,,,,,,,,,section C1,14:00–14:50,Room K-118,,,I was the only student told to re-derive Q2 on the board because my answer used an unusual notation from the optional handout,,feedback_7.csv,p000070
671,combo_unique_plus_location,2025Fall,ENG404T,Advanced Technical Writing,Sera Holcomb,"Loved the feedback but the portfolio expectations were kind of fuzzy. In section W3 at 09:30–10:45, Room M-012, I was the only one whose final portfolio got bounced because I accidentally embedded a font that rendered my headings as tiny squares on the grader's laptop. Please add a preflight checklist.",assignment_unclear|fairness_issue|materials_poor,low,,,,,,,,,,section W3,09:30–10:45,Room M-012,,,I was the only one whose final portfolio got bounced because I accidentally embedded a font that rendered my headings as tiny squares on the grader's laptop,,feedback_7.csv,p000071
672,dorm_room,2026Spring,LB102,Creative Writing Workshop,Sana Kadir,"LB102 is cozy but the materials feel a little scattered. I’m in Maple Ridge Residence, room 510 and wish the slides/handouts were more complete.",materials_poor|slides_incomplete,low,,,,,,,,,,,,,Maple Ridge Residence,room 510,,,feedback_7.csv,p000072
673,student_id,2025Fall,UG310,Introductory Creativity Workshop,Amira Sol,"I'm 20259066 and I liked the vibe, but some slides felt unfinished so I wasn't sure what to review after class. Projects are fun, just wish the instructions were tighter.",slides_incomplete|assignment_unclear|materials_poor,low,,,,,,20259066.0,,,,,,,,,,,feedback_7.csv,p000073
674,both_score_and_name,2025Fall,UG301,Introduction to Cultural Studies,Marin Orel,"Got 88 overall and honestly it felt fair, but the final moved super fast. I compared notes with Riley Kass and we both missed a couple prompts.",pace_too_fast|exam_too_hard,low,,Riley Kass,,88.0,,,,,,,,,,,,,feedback_7.csv,p000074
675,both_score_and_name,2026Fall,BI220,Cell Biology,Hiro Tan,I scraped a 58 and the lab workload was brutal on top of the lectures. Avery Nolan and I were constantly confused by what to put in the reports.,workload_heavy|assignment_unclear|difficulty_high,low,,Avery Nolan,,58.0,,,,,,,,,,,,,feedback_7.csv,p000075
676,social_handle,2025Fall,PSY150X,Cognitive Psychology,Mika Ren,"PSY150X is interesting but the lectures feel a bit all over the place, so I had to teach myself from the textbook. Quizzes came fast and I was always catching up. - @alex_studies",teaching_unclear|pace_too_fast|workload_heavy,low,,,,,,,,,@alex_studies,,,,,,,,feedback_7.csv,p000076
677,dorm_room,2026Fall,PH230,Electrodynamics,Helga Brenn,"PH230 lectures are clear, but the homework is brutal. Doing derivations in Quill Hall, room 22A and I still feel behind every week.",workload_heavy|difficulty_high,low,,,,,,,,,,,,,Quill Hall,room 22A,,,feedback_7.csv,p000077
678,combo_unique_plus_location,2025Winter,EC410,Global Markets and Policy,Rafael Orme,"EC410 has interesting topics but the lecture slides feel incomplete. In section D4 at 12:20–13:35, Room S-220, I was the only one whose essay upload got timestamped one hour late because the portal auto-converted my .odt to .pdf in the background and I didn't notice. Ended up eating a late penalty.",slides_incomplete|fairness_issue|materials_poor,low,,,,,,,,,,section D4,12:20–13:35,Room S-220,,,I was the only one whose essay upload got timestamped one hour late because the portal auto-converted my .odt to .pdf in the background and I didn't notice,,feedback_7.csv,p000078
679,score_only,2026Spring,BT-S01,Seminar in Speculative Botany,Prof. Linnea Sparrow,"I got a 93. Great discussions, but the reading load spikes hard right before the essay.",workload_heavy|pace_too_fast,low,,,,93.0,,,,,,,,,,,,,feedback_7.csv,p000079
680,student_id,2026Spring,UG210,Microeconomics,Tomas Edrich,"Student ID 20262248: the content itself is fine, but the quizzes come fast and it's easy to fall behind. Would love a bit more time on the trickier graphs.",pace_too_fast|workload_heavy,low,,,,,,20262248.0,,,,,,,,,,,feedback_7.csv,p000080
681,combo_scores_plus_location,2025Fall,BIO220L,Molecular Biology Lab,Junia Calder,"BIO220L Section A at 8:00 AM in Copperwing Science 12 is a lot of writing every week. I got 84 on Lab Report 2, and my benchmate Sera Noll got 91, but the rubric still felt kinda vague.",workload_heavy|assignment_unclear,low,,Sera Noll,,84.0,91.0,,,,,Section A,8:00 AM,Copperwing Science 12,,,,,feedback_7.csv,p000081
682,combo_scores_plus_location,2025Fall,QMX350,Quantum Mechanics II,Levon Mirek,"QMX350 Section D at 2:00 PM in Alder Lab 1A moves way too fast. I got 49 on the quiz, but my friend Jonah Vale got 72, so maybe I'm missing something basic.",pace_too_fast|difficulty_high,low,,Jonah Vale,,49.0,72.0,,,,,Section D,2:00 PM,Alder Lab 1A,,,,,feedback_7.csv,p000082
683,score_only,2024Spring,PH330,Quantum Concepts,Anika Voss,Finished with 62. Problem sets were brutal and I never felt sure what level of rigor was expected.,difficulty_high|teaching_unclear|workload_heavy,low,,,,62.0,,,,,,,,,,,,,feedback_7.csv,p000083
684,email,2026Spring,UG201,Statistical Mechanics II,Lian Zhou,Labs were interesting but the exam questions felt way harder than the practice problems. I’m making a study group—samir.jones12@example.edu.,exam_too_hard|difficulty_high|pace_too_fast,low,,,,,,,samir.jones12@example.edu,,,,,,,,,,feedback_7.csv,p000084
685,unique_event,2026Winter,MG409,Quantitative Finance,R. K. Omondi,"Problem sets were brutal and I never knew if my approach matched what they wanted. ""My midterm PDF export turned every minus sign into a blank box,"" so my formulas looked completely different when it got graded.",workload_heavy|assignment_unclear|grading_harsh,low,,,,,,,,,,,,,,,My midterm PDF export turned every minus sign into a blank box,,feedback_7.csv,p000085
686,section_time_place,2026Spring,UG498,Quantum Algorithms,Rafael Miron,UG498 Section L at 1:15 PM in Lecture Room Q-9 was honestly brutal. Midterm prep felt like guessing what mattered.,difficulty_high|exam_too_hard|teaching_unclear,low,,,,,,,,,,Section L,1:15 PM,Lecture Room Q-9,,,,,feedback_7.csv,p000086
687,social_handle,2026Spring,GR501,Advanced Thermodynamics,Linnea Vorenk,"GR501 content is super dense and I felt lost a lot of the time. The slides were missing steps, so studying took extra digging. @heatandwork",difficulty_high|slides_incomplete|teaching_unclear,low,,,,,,,,,@heatandwork,,,,,,,,feedback_7.csv,p000087
688,phone,2025Fall,CF-210,Computational Folklore,Maya R. Brant,"Loved the topic, but lectures jump around and the slides feel incomplete. If you recorded good summaries, reach me at +1-555-0136.",teaching_unclear|slides_incomplete,low,,,,,,,,+1-555-0136,,,,,,,,,feedback_7.csv,p000088
689,email,2025Fall,ECO305X,Econometrics,Priya Nalav,"I liked the real-data vibe, but the slides felt incomplete so I missed steps when reviewing. I’m swapping notes at kyle.sato31@example.edu.",slides_incomplete|materials_poor,low,,,,,,,kyle.sato31@example.edu,,,,,,,,,,feedback_7.csv,p000089
690,name_only,2026Spring,UG275,Software Engineering Practices,Evan Kest,"Team project dominates everything, so your experience depends on your group. Arin Holt kept changing the repo structure without telling anyone and it made merges a mess. Rubric felt a bit harsh for small process stuff.",grading_harsh|fairness_issue|workload_heavy,low,,Arin Holt,,,,,,,,,,,,,,,feedback_7.csv,p000090
691,combo_self_and_other_scores,2026Spring,UG275,Software Engineering Practices,Evan Kest,"Team project dominated the whole term and the expectations kept shifting. I got 68, and my teammate Dana Wex got 74. Rubrics were thin for such a big grade chunk.",workload_heavy|assignment_unclear|fairness_issue,low,,Dana Wex,,68.0,74.0,,,,,,,,,,,,feedback_7.csv,p000091
692,none,2026Spring,RS501,Advanced Topology Seminar,Gareth M. Kline,"The seminar discussions are cool, but I often left confused about what the takeaway was. The reading pace felt too fast to really digest.",teaching_unclear|pace_too_fast,low,,,,,,,,,,,,,,,,,feedback_7.csv,p000092
693,accommodation,2025Winter,ED102,Foundations of Play,Sofia Varela,"Loved the projects, but the participation grading felt a bit fuzzy. I’m approved to take short breaks during class as an accommodation.",fairness_issue,low,,,,,,,,,,,,,,,,I’m approved to take short breaks during class as an accommodation.,feedback_7.csv,p000093
694,none,2025Fall,ART101X,Introduction to Pottery,Marlo Finch,"Honestly a chill class and super hands-on. The projects take longer than you think though, so don’t fall behind.",workload_heavy|pace_too_fast,low,,,,,,,,,,,,,,,,,feedback_7.csv,p000094
695,name_only,2025Fall,HC410,Intro to Economic Thinking,Patricia Ames,"Content is straightforward, but the exam questions felt trickier than the practice ones. I studied with Nia Calder and we both wished the teaching was clearer on what counts as “good explanation” for short answers. Not awful, just tighter than expected.",exam_too_hard|teaching_unclear,low,,Nia Calder,,,,,,,,,,,,,,,feedback_7.csv,p000095
696,score_only,2025Fall,AR101,Intro to Studio Art,Maru Nakatani,"Got a 89 in the end. Loved making stuff, but some project prompts felt vague until critique day.",assignment_unclear|slides_incomplete,low,,,,89.0,,,,,,,,,,,,,feedback_7.csv,p000096
697,combo_scores_plus_location,2026Spring,BT-S01,Seminar in Speculative Botany,Prof. Linnea Sparrow,"BT-S01 Section A at 1:00 PM in Wren Studio 2 is fun but the expectations are fuzzy. I got 92 on the reflection, and my classmate Cass Iver got 86, and we still weren’t sure what “depth” meant.",assignment_unclear|slides_incomplete,low,,Cass Iver,,92.0,86.0,,,,,Section A,1:00 PM,Wren Studio 2,,,,,feedback_7.csv,p000097
698,score_only,2026Spring,UG330,Database Systems,Nia Havel,"I ended up with 66. The projects were doable, but TA help was hit-or-miss and grading felt strict.",ta_support_poor|grading_harsh|difficulty_high,low,,,,66.0,,,,,,,,,,,,,feedback_7.csv,p000098
699,both_score_and_name,2025Spring,CS220,Databases and Applications,Liam Crest,Ended with 76 and the project grading felt kinda harsh for tiny schema mistakes. Partnered with Jonah Vale and we spent way too long deciphering the assignment specs.,grading_harsh|assignment_unclear|workload_heavy,low,,Jonah Vale,,76.0,,,,,,,,,,,,,feedback_7.csv,p000099
700,combo_self_and_other_scores,2026Spring,UG330,Database Systems,Nia Havel,"I got 70 on Quiz 2, but my teammate Orion Hale got 59 and we studied together. Lectures feel a bit jumpy and the slides are missing key steps.",teaching_unclear|slides_incomplete|exam_too_hard,mid,,Orion Hale,,70.0,59.0,,,,,,,,,,,,feedback_8.csv,p000000
701,combo_unique_plus_location,2025Fall,PSY150X,Cognitive Psychology,Mika Ren,"PSY150X Section Q1 (Fri 11:00-12:15) in Nimbus Auditorium N-12 felt really inconsistent. I was the only one whose Scantron got rejected because the bubbles were ""too light"" even though I used the provided pencil.",grading_harsh|teaching_unclear,mid,,,,,,,,,,Section Q1,Fri 11:00-12:15,Nimbus Auditorium N-12,,,"I was the only one whose Scantron got rejected because the bubbles were ""too light"" even though I used the provided pencil",,feedback_8.csv,p000001
702,combo_self_and_other_scores,2026Fall,PH230,Electrodynamics,Helga Brenn,"I got 61 on the first exam, and my labmate Devon Pike got 48. The exam was brutal and the homework didn’t really match the style of questions.",exam_too_hard|materials_poor|difficulty_high,mid,,Devon Pike,,61.0,48.0,,,,,,,,,,,,feedback_8.csv,p000002
703,combo_scores_plus_location,2026Spring,UG101,Foundations of Art History,Priya Anand,"UG101 lectures are interesting but the slides are incomplete, so studying is a mess. I got 55 on the midterm and my roommate Talia Drew got 63. Section A7 is at 1:15 PM in Hall G-03.",slides_incomplete|materials_poor|exam_too_hard,mid,,Talia Drew,,55.0,63.0,,,,,Section A7,1:15 PM,Hall G-03,,,,,feedback_8.csv,p000003
704,phone,2025Winter,EC410,Global Markets and Policy,Rafael Orme,"EC410 had interesting topics but the slides felt incomplete and the pace jumped around week to week. If you missed a lecture, text +1-555-0142 and I’ll share what I wrote down.",slides_incomplete|pace_too_fast,mid,,,,,,,,+1-555-0142,,,,,,,,,feedback_8.csv,p000004
705,score_only,2026Spring,UG400,Environmental Statistics,Luca Moretti,I pulled a 68. Homework was fine but the midterm was rough and the slides skipped steps in the examples.,exam_too_hard|slides_incomplete,mid,,,,68.0,,,,,,,,,,,,,feedback_8.csv,p000005
706,combo_self_and_other_scores,2026Spring,UG275,Software Engineering Practices,Evan Kest,"I got 78 on the midterm, and my partner Sienna Cross got 66. The test hit a bunch of edge-case details we barely covered, so it felt harsh.",exam_too_hard|grading_harsh|materials_poor,mid,,Sienna Cross,,78.0,66.0,,,,,,,,,,,,feedback_8.csv,p000006
707,combo_scores_plus_location,2026Spring,SM102,Quantum Foundations,Ibrahim Noor,"SM102 problem sets are taking over my week and the pacing is wild. I got 46 on Problem Set 1, and my friend Keon Rivas got 59, which stings. Section Q3 meets 4:10 PM in Room P-41.",workload_heavy|pace_too_fast|difficulty_high,mid,,Keon Rivas,,46.0,59.0,,,,,Section Q3,4:10 PM,Room P-41,,,,,feedback_8.csv,p000007
708,combo_self_and_other_scores,2025Fall,ART101X,Introduction to Pottery,Marlo Finch,"I got 92 on Project 3, and my lab buddy Jalen Rook got 81 with basically the same technique. Feedback was super short, so the grading felt random.",fairness_issue|materials_poor,mid,,Jalen Rook,,92.0,81.0,,,,,,,,,,,,feedback_8.csv,p000008
709,student_id,2025Fall,MT201,Foundations of Calculus,Evan Kaito,MT201 is moving way too fast for me. I’m student 20251234 and I feel like the homework assumes you already know half the tricks.,pace_too_fast|workload_heavy,mid,,,,,,20251234.0,,,,,,,,,,,feedback_8.csv,p000009
710,combo_unique_plus_location,2026Spring,ED410,Curriculum Theory Seminar,Owen Li,ED410 Seminar S1 (Thu 18:00-20:30) in Cedar Room 3A was interesting but the expectations were fuzzy. I was the only person whose seminar presentation got cut off because the projector cropped only my PDF margins.,assignment_unclear|materials_poor|teaching_unclear,mid,,,,,,,,,,Seminar S1,Thu 18:00-20:30,Cedar Room 3A,,,I was the only person whose seminar presentation got cut off because the projector cropped only my PDF margins,,feedback_8.csv,p000010
711,score_only,2025Fall,CMP101X,Introduction to Programming Concepts,Amena Parkash,Ended up with a 74 and honestly I’m surprised I passed. Labs were fine but the exam questions were way harder than the practice.,exam_too_hard|difficulty_high,mid,,,,74.0,,,,,,,,,,,,,feedback_8.csv,p000011
712,section_time_place,2024Spring,PH330,Quantum Concepts,Anika Voss,PH330 Section 5 at 12:30–13:45 TuTh in Lecture Hall R-1 was a sprint. Problem sets were brutal and the midterm felt harder than what we practiced.,workload_heavy|exam_too_hard|difficulty_high,mid,,,,,,,,,,Section 5,12:30–13:45 TuTh,Lecture Hall R-1,,,,,feedback_8.csv,p000012
713,combo_self_and_other_scores,2026Spring,SM102,Quantum Foundations,Ibrahim Noor,"I got 55 on the first problem set, and my classmate Tessa Quill got 41. The pace ramps up fast and the problem wording can be confusing.",pace_too_fast|assignment_unclear|difficulty_high,mid,,Tessa Quill,,55.0,41.0,,,,,,,,,,,,feedback_8.csv,p000013
714,accommodation,2025Fall,UGF201,Abstract Algebra I,Tamsin Qori,I have extended time on exams (1.5x) and I still felt like the midterm was a sprint. The proofs jump fast and the homework instructions are kinda vague.,pace_too_fast|exam_too_hard|assignment_unclear,mid,,,,,,,,,,,,,,,,extended time on exams (1.5x),feedback_8.csv,p000014
715,both_score_and_name,2026Winter,MG409,Quantitative Finance,R. K. Omondi,"MG409 was brutal—problem sets took forever and lectures felt like they skipped steps. I got 54, and Casey Linden kept telling me ""it's normal"" but wow that final was harsh.",difficulty_high|teaching_unclear|grading_harsh,mid,,Casey Linden,,54.0,,,,,,,,,,,,,feedback_8.csv,p000015
716,email,2025Fall,WM-101,World Mythologies,Sofia D. Laurent,"Fun readings but the pace felt kinda too fast and the slides were missing key bits, so I was always guessing what mattered. If anyone wants to compare notes, email me at jamie.rivera25@example.edu.",pace_too_fast|slides_incomplete,mid,,,,,,,jamie.rivera25@example.edu,,,,,,,,,,feedback_8.csv,p000016
717,social_handle,2025Summer,BI214,Cell Physiology Lab,Nora G. Patel,"BI214 lab is intense for a summer session. The instructions in the manual don’t always match what we actually do at the bench, so it’s stressful. @pipette_stressed",workload_heavy|materials_poor|assignment_unclear,mid,,,,,,,,,@pipette_stressed,,,,,,,,feedback_8.csv,p000017
718,dorm_room,2025Spring,GS510,Advanced Research Seminar,Priya Len,"GS510 is intense and I felt behind basically all semester. Priya Len gives feedback, but expectations are super high and the grading feels unforgiving. I spent weekends outlining in Maple Court, Room 203.",difficulty_high|grading_harsh|pace_too_fast,mid,,,Priya Len,,,,,,,,,,Maple Court,Room 203,,,feedback_8.csv,p000018
719,unique_event,2026Winter,MG409,Quantitative Finance,R. K. Omondi,"Problem sets were doable but the exams felt like a different class. On the final, I was the only one whose calculator got put in a clear bag with a red sticker because it had a loose battery cover, and it totally threw me off.",exam_too_hard|difficulty_high|fairness_issue,mid,,,,,,,,,,,,,,,"I was the only one whose calculator got put in a clear bag with a red sticker because it had a loose battery cover, and it totally threw me off",,feedback_8.csv,p000019
720,none,2025Fall,PSY150X,Cognitive Psychology,Mika Ren,"Quizzes were fine but the slides felt incomplete, so studying was annoying. The midterm had a bunch of questions that didn’t match what we practiced.",slides_incomplete|exam_too_hard|fairness_issue,mid,,,,,,,,,,,,,,,,,feedback_8.csv,p000020
721,dorm_room,2025Summer,BI214,Cell Physiology Lab,Nora G. Patel,"BI214 is doable but the lab pace is fast and the write-ups pile up. Nora G. Patel explains concepts fine, but the handouts feel incomplete. I was labeling graphs in Juniper Hall, Room 77.",pace_too_fast|workload_heavy|slides_incomplete,mid,,,Nora G. Patel,,,,,,,,,,Juniper Hall,Room 77,,,feedback_8.csv,p000021
722,none,2025Fall,QMX350,Quantum Mechanics II,Levon Mirek,This class ramps up fast and the problem sets are brutal. I spent way more time than expected and still felt lost on exam-style questions.,pace_too_fast|workload_heavy|exam_too_hard,mid,,,,,,,,,,,,,,,,,feedback_8.csv,p000022
723,score_only,2025Summer,BI230,Ecology and Field Methods,Derek Malle,Ended with 86 and the fieldwork was actually the best part. Just wish the materials were better organized because finding protocols was a mess.,materials_poor|slides_incomplete,mid,,,,86.0,,,,,,,,,,,,,feedback_8.csv,p000023
724,score_only,2025Fall,CMP101X,Introduction to Programming Concepts,Amena Parkash,"Got 59 and I’m annoyed because I worked nonstop. The workload was heavy and the assignment specs were unclear, so I kept redoing stuff.",workload_heavy|assignment_unclear|difficulty_high,mid,,,,59.0,,,,,,,,,,,,,feedback_8.csv,p000024
725,dorm_room,2025Fall,AR101,Intro to Studio Art,Maru Nakatani,"AR101 is fun but the workload is no joke if you fall behind. I ended up painting at Cedar House, Room 14B at 2am more than once. Critiques were kinda vague.",workload_heavy|teaching_unclear,mid,,,,,,,,,,,,,Cedar House,Room 14B,,,feedback_8.csv,p000025
726,section_time_place,2025Fall,PSY150X,Cognitive Psychology,Mika Ren,PSY150X Section 3 at 14:00–15:15 MW in Hall Q-102 was kind of messy. Slides were missing key definitions and the quizzes felt harsher than the lectures.,slides_incomplete|grading_harsh|teaching_unclear,mid,,,,,,,,,,Section 3,14:00–15:15 MW,Hall Q-102,,,,,feedback_8.csv,p000026
727,unique_event,2026Spring,RS501,Advanced Topology Seminar,Gareth M. Kline,"Interesting topics but the seminar jumps right into deep stuff with almost no warm-up. In my presentation, I was the only student who had to redo the entire proof at the board because my slide export turned every ""\u2208"" symbol into empty boxes.",difficulty_high|pace_too_fast|fairness_issue,mid,,,,,,,,,,,,,,,"I was the only student who had to redo the entire proof at the board because my slide export turned every ""\u2208"" symbol into empty boxes",,feedback_8.csv,p000027
728,phone,2026Spring,SM102,Quantum Foundations,Ibrahim Noor,"SM102 was cool but the problem sets were way harder than the examples, and the final felt rough. If you’re forming a study group, message me at +1-555-0168.",difficulty_high|exam_too_hard|workload_heavy,mid,,,,,,,,+1-555-0168,,,,,,,,,feedback_8.csv,p000028
729,dorm_room,2026Fall,BI220,Cell Biology,Hiro Tan,"BI220 is harder than I expected and the exams are rough. Hiro Tan goes quick and the slides skip steps, so studying in Oak Tower, Room 19A was frustrating. Labs were fine but everything else felt rushed.",difficulty_high|exam_too_hard|slides_incomplete,mid,,,Hiro Tan,,,,,,,,,,Oak Tower,Room 19A,,,feedback_8.csv,p000029
730,combo_scores_plus_location,2025Fall,PH301,Statistical Mechanics,Zoe Park,"PH301 is brutal. I got 62 on the midterm, but my friend Nora Kline got 49, so I guess I shouldn't complain. Section B2 at 10:30 AM in Room H-204 moves way too fast.",difficulty_high|pace_too_fast|exam_too_hard,mid,,Nora Kline,,62.0,49.0,,,,,Section B2,10:30 AM,Room H-204,,,,,feedback_8.csv,p000030
731,section_time_place,2026Spring,LB102,Creative Writing Workshop,Sana Kadir,"LB102 Section W runs 16:10–17:25 W in Studio L-6 and the feedback culture is great, but the workload sneaks up. Weekly portfolio submissions are more time than I expected.",workload_heavy|pace_too_fast,mid,,,,,,,,,,Section W,16:10–17:25 W,Studio L-6,,,,,feedback_8.csv,p000031
732,student_id,2026Spring,UG101,Foundations of Art History,Priya Anand,UG101 lectures were interesting but the slides felt incomplete and I had to Google basic context a lot. I’m 20253302—Priya Anand talks fast and it’s easy to miss key terms.,slides_incomplete|pace_too_fast,mid,,,Priya Anand,,,20253302.0,,,,,,,,,,,feedback_8.csv,p000032
733,combo_scores_plus_location,2025Fall,CMP101X,Introduction to Programming Concepts,Amena Parkash,"CMP101X labs are fine but the grading feels harsh. I got 84 on Lab 3, and my lab partner Milo Sato got 71 even though our code was basically the same. Section L5 meets at 2:00 PM in Lab C-17.",grading_harsh|fairness_issue|workload_heavy,mid,,Milo Sato,,84.0,71.0,,,,,Section L5,2:00 PM,Lab C-17,,,,,feedback_8.csv,p000033
734,email,2026Fall,PH230,Electrodynamics,Helga Brenn,"The exams were rough, and TA help was hit-or-miss when I needed it most. Also, office hours kept conflicting with my schedule—if you found better support options, email mateo.santos29@example.edu.",exam_too_hard|ta_support_poor|schedule_conflict,mid,,,,,,,mateo.santos29@example.edu,,,,,,,,,,feedback_8.csv,p000034
735,section_time_place,2025Fall,PH301,Statistical Mechanics,Zoe Park,"In PH301 Section D, 19:00–20:15 MW at Physics Building G-08, the exams felt disconnected from the homework. I left the final thinking “what was that?”",exam_too_hard|fairness_issue|teaching_unclear,mid,,,,,,,,,,Section D,19:00–20:15 MW,Physics Building G-08,,,,,feedback_8.csv,p000035
736,none,2025Fall,ENG404T,Advanced Technical Writing,Sera Holcomb,"Lots of writing (obviously) but the assignment prompts were weirdly vague. Feedback was super detailed, but I still never knew what the rubric wanted until after the grade.",assignment_unclear|fairness_issue,mid,,,,,,,,,,,,,,,,,feedback_8.csv,p000036
737,score_only,2025Spring,CS220,Databases and Applications,Liam Crest,Got 81 overall. Project was cool but the grading felt nitpicky and the rubric changed vibe week to week.,grading_harsh|fairness_issue,mid,,,,81.0,,,,,,,,,,,,,feedback_8.csv,p000037
738,unique_event,2024Winter,ED205,Teaching Practicum,Sofia Ren,"Supportive overall, but the expectations changed depending on the observer and it stressed me out. On my first observation, I was the only one told to rewrite the lesson plan because my objectives were labeled ""A1/A2"" instead of ""LO1/LO2"".",teaching_unclear|fairness_issue,mid,,,,,,,,,,,,,,,"On my first observation, I was the only one told to rewrite the lesson plan because my objectives were labeled ""A1/A2"" instead of ""LO1/LO2""",,feedback_8.csv,p000038
739,student_id,2026Summer,AL-502,Algebraic Palindromes,Renata F. Qiu,AL-502 was kinda brutal—homework took forever and the midterm felt way harder than practice. I’m 20250773; Renata F. Qiu is nice but the material ramps up too quickly.,workload_heavy|exam_too_hard|pace_too_fast,mid,,,Renata F. Qiu,,,20250773.0,,,,,,,,,,,feedback_8.csv,p000039
740,combo_scores_plus_location,2026Fall,CS330,Parallel Algorithms,Ethan Park,"CS330 project spec felt unclear and the TA help was kinda spotty. I got 67 on the checkpoint, while my teammate Rina Holt got 81, so I'm behind. Section C4 at 11:00 AM in Lab N-08.",assignment_unclear|ta_support_poor|workload_heavy,mid,,Rina Holt,,67.0,81.0,,,,,Section C4,11:00 AM,Lab N-08,,,,,feedback_8.csv,p000040
741,social_handle,2025Fall,ENG404T,Advanced Technical Writing,Sera Holcomb,"ENG404T had useful feedback, but the pacing was weirdly fast and the portfolio expectations weren’t super clear until late. Sera Holcomb is nice, I just wish the rubric was more concrete. - @drafts_n_coffee",pace_too_fast|assignment_unclear|slides_incomplete,mid,,,Sera Holcomb,,,,,,@drafts_n_coffee,,,,,,,,feedback_8.csv,p000041
742,score_only,2025Spring,GS510,Advanced Research Seminar,Priya Len,"Final grade was 55. Expectations were super high but the grading criteria felt vague, so it was stressful the whole time.",grading_harsh|fairness_issue|teaching_unclear,mid,,,,55.0,,,,,,,,,,,,,feedback_8.csv,p000042
743,combo_unique_plus_location,2025Fall,ART101X,Introduction to Pottery,Marlo Finch,"ART101X Studio 1C (Wed 14:00-16:50) in Clay Lab, Bay 7 was fun but chaotic. My glaze test tiles got fired with someone else's name because my label fell off, so my whole final palette got messed up.",materials_poor|workload_heavy|fairness_issue,mid,,,,,,,,,,Studio 1C,Wed 14:00-16:50,"Clay Lab, Bay 7",,,My glaze test tiles got fired with someone else's name because my label fell off,,feedback_8.csv,p000043
744,accommodation,2026Winter,MG409,Quantitative Finance,R. K. Omondi,"I use note-taking accommodations (peer notes) and it helped a lot, but the pacing is still brutal. Problem sets feel like they assume you already know half the tricks.",pace_too_fast|difficulty_high|workload_heavy,mid,,,,,,,,,,,,,,,,note-taking accommodations (peer notes),feedback_8.csv,p000044
745,student_id,2026Spring,RS501,Advanced Topology Seminar,Gareth M. Kline,RS501 is super intense for a seminar; I felt lost most weeks. Student ID 20259014—Gareth M. Kline is smart but the explanations jump too many steps.,difficulty_high|teaching_unclear,mid,,,Gareth M. Kline,,,20259014.0,,,,,,,,,,,feedback_8.csv,p000045
746,unique_event,2025Summer,BI214,Cell Physiology Lab,Nora G. Patel,"Labs were intense and the rubric felt picky, even when the results were fine. In Lab 4, I was the only one whose spectrophotometer file saved as ""ABS(1).CSV"" so the TA thought it was duplicated data and pulled me aside.",workload_heavy|grading_harsh|fairness_issue,mid,,,,,,,,,,,,,,,"In Lab 4, I was the only one whose spectrophotometer file saved as ""ABS(1).CSV"" so the TA thought it was duplicated data and pulled me aside",,feedback_8.csv,p000046
747,combo_scores_plus_location,2025Winter,ED102,Foundations of Play,Sofia Varela,"ED102 is fun but the schedule is awkward with my other class. I got 95 on Project 1, but my friend Owen Pike got 87 and was annoyed about the rubric. Section W2 meets at 5:30 PM in Studio K-2.",schedule_conflict|assignment_unclear,mid,,Owen Pike,,95.0,87.0,,,,,Section W2,5:30 PM,Studio K-2,,,,,feedback_8.csv,p000047
748,email,2026Spring,RS501,Advanced Topology Seminar,Gareth M. Kline,"Super interesting topic, but it moves fast and the materials felt pretty sparse, so I struggled to keep up week to week. If anyone has extra references, please send them to lina.choi28@example.edu.",difficulty_high|pace_too_fast|materials_poor,mid,,,,,,,lina.choi28@example.edu,,,,,,,,,,feedback_8.csv,p000048
749,social_handle,2025Fall,PH301,Statistical Mechanics,Zoe Park,PH301 is kind of brutal. The lectures move fast and the homework feels like it assumes you already know half the tricks. Posting as @thermo_grind so I can vent lol.,difficulty_high|pace_too_fast|workload_heavy,mid,,,,,,,,,@thermo_grind,,,,,,,,feedback_8.csv,p000049
750,combo_self_and_other_scores,2025Fall,WM-101,World Mythologies,Sofia D. Laurent,"I got 84 on the final essay, but my friend Mara Venn got 73 even though our topics were similar. Grading felt kind of picky and the rubric was vague.",grading_harsh|assignment_unclear|fairness_issue,mid,,Mara Venn,,84.0,73.0,,,,,,,,,,,,feedback_8.csv,p000050
751,both_score_and_name,2025Fall,AR101,Intro to Studio Art,Maru Nakatani,"AR101 projects were fun but the rubric felt kinda fuzzy, so critiques were stressful. I got 88, and Riley Voss kept saying ""just trust the process""—wish grading was clearer though.",grading_harsh|assignment_unclear,mid,,Riley Voss,,88.0,,,,,,,,,,,,,feedback_8.csv,p000051
752,phone,2025Fall,ENG404T,Advanced Technical Writing,Sera Holcomb,"ENG404T was useful but the grading felt nitpicky and the feedback was kind of vague. If anyone wants to swap notes, text me at +1-555-0117.",grading_harsh|teaching_unclear,mid,,,,,,,,+1-555-0117,,,,,,,,,feedback_8.csv,p000052
753,combo_self_and_other_scores,2026Spring,UG330,Database Systems,Nia Havel,"I got 74 on Project 1, but my friend Lira Wren got 62 after spending way more hours. Specs had tiny hidden requirements and the TAs weren’t much help.",assignment_unclear|ta_support_poor|workload_heavy,mid,,Lira Wren,,74.0,62.0,,,,,,,,,,,,feedback_8.csv,p000053
754,combo_unique_plus_location,2026Spring,RS501,Advanced Topology Seminar,Gareth M. Kline,"RS501 Seminar R (Mon 13:00-15:30) in Delta Seminar Room D-09 is insanely hard and kind of stressful. I was the only one asked to re-prove Lemma 2.3 on the board because my notation matched the ""forbidden"" template.",difficulty_high|pace_too_fast|teaching_unclear,mid,,,,,,,,,,Seminar R,Mon 13:00-15:30,Delta Seminar Room D-09,,,"I was the only one asked to re-prove Lemma 2.3 on the board because my notation matched the ""forbidden"" template",,feedback_8.csv,p000054
755,combo_self_and_other_scores,2024Winter,ED205,Teaching Practicum,Sofia Ren,"I got 88 on the lesson plan eval, but my cohort mate Noel Ardent got 79 and we followed the same template. Expectations shifted week to week, which was frustrating.",fairness_issue|assignment_unclear|teaching_unclear,mid,,Noel Ardent,,88.0,79.0,,,,,,,,,,,,feedback_8.csv,p000055
756,name_only,2025Fall,UG301,Introduction to Cultural Studies,Marin Orel,"The lectures are interesting but the final feels like it covers way more than what we practiced. Riley Kwon said the quizzes were easy, but the jump to the final is rough.",exam_too_hard|teaching_unclear,mid,,Riley Kwon,,,,,,,,,,,,,,,feedback_8.csv,p000056
757,both_score_and_name,2025Fall,CMP101X,Introduction to Programming Concepts,Amena Parkash,CMP101X was rough for me—labs ate my week and the midterm felt trickier than the practice. I ended with 62 and honestly I'm jealous of Devon Kline's calm energy through it all.,workload_heavy|exam_too_hard|difficulty_high,mid,,Devon Kline,,62.0,,,,,,,,,,,,,feedback_8.csv,p000057
758,unique_event,2026Spring,UG330,Database Systems,Nia Havel,"Project specs felt vague and then grading was super strict on edge cases. On Project 1, my submission got flagged because I used the wrong header template ""UG330-P1-v3"", and I was the only one asked to resubmit just to change that.",assignment_unclear|grading_harsh|fairness_issue,mid,,,,,,,,,,,,,,,"my submission got flagged because I used the wrong header template ""UG330-P1-v3"", and I was the only one asked to resubmit just to change that",,feedback_8.csv,p000058
759,combo_scores_plus_location,2025Summer,PS330,Research Methods,Elena Rossi,"PS330 is a lot for a summer class and the instructions are vague. I got 73 on Assignment 2, but my classmate Jae Min got 88, so clearly I'm missing something. Section S1 at 9:00 AM in Room M-112.",assignment_unclear|workload_heavy|teaching_unclear,mid,,Jae Min,,73.0,88.0,,,,,Section S1,9:00 AM,Room M-112,,,,,feedback_8.csv,p000059
760,section_time_place,2025Fall,PH301,Statistical Mechanics,Zoe Park,PH301 Section B was rough. The pace in 10:30–11:50 TuTh at Room H-214 never slowed down and the homework felt like a second class.,pace_too_fast|workload_heavy|difficulty_high,mid,,,,,,,,,,Section B,10:30–11:50 TuTh,Room H-214,,,,,feedback_8.csv,p000060
761,phone,2025Spring,GS510,Advanced Research Seminar,Priya Len,GS510 is honestly brutal—expect constant reading and the bar for the paper is super high. I got lost on what “good enough” looks like; call me at +1-555-0129 if you want to compare outlines.,difficulty_high|workload_heavy|assignment_unclear,mid,,,,,,,,+1-555-0129,,,,,,,,,feedback_8.csv,p000061
762,section_time_place,2026Spring,RS501,Advanced Topology Seminar,Gareth M. Kline,RS501 Section A meets 09:00–10:20 F in Seminar Room M-3 and it’s intense. Presentations jump straight into proofs and the grading rubric felt vague.,difficulty_high|assignment_unclear|fairness_issue,mid,,,,,,,,,,Section A,09:00–10:20 F,Seminar Room M-3,,,,,feedback_8.csv,p000062
763,social_handle,2025Winter,EC410,Global Markets and Policy,Rafael Orme,"EC410 readings are endless and the essay prompts feel vague, so you’re guessing what “good” looks like. Rafael Orme is knowledgeable but the grading felt harsher than expected. — @policy_panic",workload_heavy|assignment_unclear|grading_harsh,mid,,,Rafael Orme,,,,,,@policy_panic,,,,,,,,feedback_8.csv,p000063
764,section_time_place,2026Summer,PSY-X12,Introduction to Dream Interpretation,Noam L. Berri,"PSY-X12 Section 2 is at 18:00–19:30 Tu in Classroom P-17 and the essays are a lot. Prompts feel inconsistent week to week, like the expectations keep shifting.",workload_heavy|assignment_unclear|fairness_issue,mid,,,,,,,,,,Section 2,18:00–19:30 Tu,Classroom P-17,,,,,feedback_8.csv,p000064
765,section_time_place,2025Fall,PSY150X,Cognitive Psychology,Mika Ren,"PSY150X Section 7 is 11:00–12:15 TuTh in Room K-309 and the material is interesting, but the pacing is weird. We rush through big topics and then get quizzed on tiny details.",pace_too_fast|grading_harsh,mid,,,,,,,,,,Section 7,11:00–12:15 TuTh,Room K-309,,,,,feedback_8.csv,p000065
766,student_id,2025Fall,WM-101,World Mythologies,Sofia D. Laurent,"I liked the stories, but the essay prompts felt vague and grading was kind of brutal. Student ID 20254567 here—wish there were clearer rubrics from Sofia D. Laurent.",assignment_unclear|grading_harsh,mid,,,Sofia D. Laurent,,,20254567.0,,,,,,,,,,,feedback_8.csv,p000066
767,accommodation,2026Spring,UG201,Statistical Mechanics II,Lian Zhou,"I have a reduced-distraction testing room accommodation and even then the final felt ridiculously hard. Labs were fine, but lecture notes were incomplete and I was constantly guessing what mattered.",exam_too_hard|slides_incomplete|difficulty_high,mid,,,,,,,,,,,,,,,,reduced-distraction testing room accommodation,feedback_8.csv,p000067
768,name_only,2026Summer,AL-502,Algebraic Palindromes,Renata F. Qiu,"Honestly brutal homework load for a summer term, and the midterm felt like a trick. Samira Devlin said the grading was super picky about tiny notation stuff.",workload_heavy|exam_too_hard|grading_harsh,mid,,Samira Devlin,,,,,,,,,,,,,,,feedback_8.csv,p000068
769,dorm_room,2025Fall,CF-210,Computational Folklore,Maya R. Brant,"CF-210 sounded quirky but the projects ramp up fast. I was up late in Alder Hall, Room 312 trying to make the model stop hallucinating legends. Quizzes felt picky.",pace_too_fast|workload_heavy|grading_harsh,mid,,,,,,,,,,,,,Alder Hall,Room 312,,,feedback_8.csv,p000069
770,combo_scores_plus_location,2025Spring,AR110,Intro to Creative Workshops,Lina Barros,"AR110 critiques are helpful but sometimes the instructions change last minute. I got 92 on Portfolio Check 1, and my friend Selene Ward got 85, which surprised both of us. Section R3 at 3:20 PM in Studio D-14.",assignment_unclear|teaching_unclear,mid,,Selene Ward,,92.0,85.0,,,,,Section R3,3:20 PM,Studio D-14,,,,,feedback_8.csv,p000070
771,unique_event,2025Fall,UG301,Advanced Algorithms,Rina Kovac,"Workload is brutal and the proofs jump steps in lecture. During the midterm, my page 2 printed upside-down, so I was the only one who had to rotate the paper at the desk the whole time.",workload_heavy|teaching_unclear|fairness_issue,mid,,,,,,,,,,,,,,,"my page 2 printed upside-down, so I was the only one who had to rotate the paper at the desk the whole time",,feedback_8.csv,p000071
772,none,2025Fall,UGF201,Abstract Algebra I,Tamsin Qori,"I like the topics but the lectures felt jumpy, like steps got skipped. Homework took forever and the grading felt kinda harsh for small mistakes.",teaching_unclear|workload_heavy|grading_harsh,mid,,,,,,,,,,,,,,,,,feedback_8.csv,p000072
773,combo_self_and_other_scores,2026Spring,SM102,Quantum Foundations,Ibrahim Noor,"I got 49 on the final, and my discussion partner Remy Slate got 57. I didn’t hate it, but the jump from seminar chat to heavy math was a lot.",difficulty_high|pace_too_fast,mid,,Remy Slate,,49.0,57.0,,,,,,,,,,,,feedback_8.csv,p000073
774,student_id,2025Fall,CF-210,Computational Folklore,Maya R. Brant,CF-210 projects are cool but the instructions are all over the place. I’m 20250119 and I spent more time guessing what Maya R. Brant wanted than actually coding.,assignment_unclear|teaching_unclear,mid,,,Maya R. Brant,,,20250119.0,,,,,,,,,,,feedback_8.csv,p000074
775,name_only,2025Spring,CS220,Databases and Applications,Liam Crest,Projects took forever and the spec kept feeling vague until the last minute. Jordan El-Sayed and I basically lived in the docs trying to guess what the graders wanted.,workload_heavy|assignment_unclear|grading_harsh,mid,,Jordan El-Sayed,,,,,,,,,,,,,,,feedback_8.csv,p000075
776,score_only,2026Spring,LB102,Creative Writing Workshop,Sana Kadir,I got a 90 but the feedback sessions felt kinda unstructured. Sometimes it wasn’t clear what we were supposed to revise for the portfolio.,teaching_unclear|assignment_unclear,mid,,,,90.0,,,,,,,,,,,,,feedback_8.csv,p000076
777,both_score_and_name,2025Summer,PS330,Research Methods,Elena Rossi,PS330 was a lot in a short summer term—too fast and the instructions for assignments were confusing. I finished with 71; Jordan Pike basically carried our study group with outlines.,pace_too_fast|assignment_unclear|workload_heavy,mid,,Jordan Pike,,71.0,,,,,,,,,,,,,feedback_8.csv,p000077
778,combo_self_and_other_scores,2026Fall,CS330,Parallel Algorithms,Ethan Park,"I got 72 on the final project, but my teammate Cal Rowan got 64 even though he handled the hardest parts. Rubric felt inconsistent and the deadlines were relentless.",fairness_issue|workload_heavy|grading_harsh,mid,,Cal Rowan,,72.0,64.0,,,,,,,,,,,,feedback_8.csv,p000078
779,accommodation,2025Spring,CS220,Databases and Applications,Liam Crest,"I had breaks as needed during exams and quizzes and that part was handled smoothly. The project spec changed a couple times though, so it felt unfair when grading was strict.",assignment_unclear|grading_harsh|fairness_issue,mid,,,,,,,,,,,,,,,,breaks as needed during exams and quizzes,feedback_8.csv,p000079
780,combo_self_and_other_scores,2025Fall,ART101X,Introduction to Pottery,Marlo Finch,"I got 86 overall, and my roommate Briar Kent got 93. The class is fun, but the critique notes are so thin that it’s hard to know how to improve.",materials_poor|teaching_unclear,mid,,Briar Kent,,86.0,93.0,,,,,,,,,,,,feedback_8.csv,p000080
781,accommodation,2025Fall,ECO305X,Econometrics,Priya Nalav,"I needed captions for recorded lectures and they were available, which I really appreciated. Still, some explanations felt muddy and the problem sets took forever.",teaching_unclear|workload_heavy|materials_poor,mid,,,,,,,,,,,,,,,,captions for recorded lectures,feedback_8.csv,p000081
782,student_id,2025Fall,UGF201,Abstract Algebra I,Tamsin Qori,"Abstract Algebra I is honestly wrecking me—proofs every week and the pace never slows. Student 20257890 here; Tamsin Qori explains, but it still feels like drinking from a firehose.",difficulty_high|pace_too_fast|workload_heavy,mid,,,Tamsin Qori,,,20257890.0,,,,,,,,,,,feedback_8.csv,p000082
783,email,2025Spring,MG150,Principles of Management,Anika Verma,"Group project workload was heavier than I expected, and some lectures felt a bit all over the place. If your team is looking for a last-minute peer reviewer, email sam.hughes25@example.edu.",workload_heavy|teaching_unclear,mid,,,,,,,sam.hughes25@example.edu,,,,,,,,,,feedback_8.csv,p000083
784,email,2025Fall,UGF201,Abstract Algebra I,Tamsin Qori,"This class is brutal—homework takes forever and the exams felt way harder than the practice problems. If you have a good study routine for this, please reach out at devon.lee27@example.edu.",difficulty_high|exam_too_hard|workload_heavy,mid,,,,,,,devon.lee27@example.edu,,,,,,,,,,feedback_8.csv,p000084
785,name_only,2026Spring,UG498,Quantum Algorithms,Rafael Miron,"Super cool topic but the pace is wild, like we’re sprinting every week. Avery Holt said they stopped trying to follow the derivations live and just watched recordings after.",pace_too_fast|difficulty_high,mid,,Avery Holt,,,,,,,,,,,,,,,feedback_8.csv,p000085
786,student_id,2026Summer,PSY-X12,Introduction to Dream Interpretation,Noam L. Berri,PSY-X12 readings were interesting but some of the materials felt outdated and the quizzes were picky. Student 20256640 here—Noam L. Berri should update the examples and make the quiz wording clearer.,content_outdated|materials_poor,mid,,,Noam L. Berri,,,20256640.0,,,,,,,,,,,feedback_8.csv,p000086
787,combo_unique_plus_location,2025Fall,MT201,Foundations of Calculus,Evan Kaito,"MT201 Section C4 (Thu 10:00-11:15) in Astra Center 2-118 had a rough grading setup. I was the only one whose homework got a zero because I named the file ""hw3_final_final.pdf"" and the autograder only accepted ""HW3.pdf"".",assignment_unclear|grading_harsh|ta_support_poor,mid,,,,,,,,,,Section C4,Thu 10:00-11:15,Astra Center 2-118,,,"I was the only one whose homework got a zero because I named the file ""hw3_final_final.pdf"" and the autograder only accepted ""HW3.pdf""",,feedback_8.csv,p000087
788,score_only,2026Spring,UG201,Statistical Mechanics II,Lian Zhou,I finished with a 49 and it was brutal. Pace was too fast and the lecture explanations didn’t connect to the problem sets.,pace_too_fast|teaching_unclear|difficulty_high,mid,,,,49.0,,,,,,,,,,,,,feedback_8.csv,p000088
789,combo_unique_plus_location,2025Fall,HC410,Intro to Economic Thinking,Patricia Ames,"HC410 Lecture A (Tue 08:30-09:45) in Quanta Hall 105 moved fast and the tests were weirdly formatted. I was the only student handed Version C where the last page was upside down, and I didn't notice until time was basically gone.",pace_too_fast|exam_too_hard|fairness_issue,mid,,,,,,,,,,Lecture A,Tue 08:30-09:45,Quanta Hall 105,,,I was the only student handed Version C where the last page was upside down,,feedback_8.csv,p000089
790,combo_unique_plus_location,2025Fall,PH301,Statistical Mechanics,Zoe Park,"PH301 Section L3 (Mon 09:00-10:15) in Orion Hall 214 was brutal this term. I was the only person whose midterm booklet had Q4 printed twice and no Q5, and it turned into a whole back-and-forth about what to grade.",exam_too_hard|grading_harsh|fairness_issue,mid,,,,,,,,,,Section L3,Mon 09:00-10:15,Orion Hall 214,,,I was the only person whose midterm booklet had Q4 printed twice and no Q5,,feedback_8.csv,p000090
791,section_time_place,2024Winter,ED205,Teaching Practicum,Sofia Ren,ED205 Section P meets 08:10–09:40 M in Lab S-204 and the schedule clashes with other required stuff. The instructions for lesson plans weren’t super clear until the last minute.,schedule_conflict|assignment_unclear|teaching_unclear,mid,,,,,,,,,,Section P,08:10–09:40 M,Lab S-204,,,,,feedback_8.csv,p000091
792,score_only,2026Fall,BI220,Cell Biology,Hiro Tan,Got a 61. Labs ate up so much time and the lab report instructions were confusing until the last minute.,workload_heavy|assignment_unclear,mid,,,,61.0,,,,,,,,,,,,,feedback_8.csv,p000092
793,email,2025Fall,ENG404T,Advanced Technical Writing,Sera Holcomb,"I liked the workshop vibe, but some assignments were honestly unclear and the grading criteria seemed to shift between drafts. If you want to swap outlines, I'm at priya.kapoor26@example.edu.",assignment_unclear|fairness_issue,mid,,,,,,,priya.kapoor26@example.edu,,,,,,,,,,feedback_8.csv,p000093
794,dorm_room,2025Fall,BIO220L,Molecular Biology Lab,Junia Calder,"BIO220L lab reports take forever and the rubric feels harsh. I was rewriting my discussion section in Briar Hall, Room 508 instead of sleeping. Directions in the manual weren’t always clear.",workload_heavy|grading_harsh|materials_poor,mid,,,,,,,,,,,,,Briar Hall,Room 508,,,feedback_8.csv,p000094
795,unique_event,2025Summer,BI230,Ecology and Field Methods,Derek Malle,"Loved being outside but the pace was fast and the lab reports ate my weekends. On the marsh transect, I was the only person whose quadrat frame snapped at the ""3B"" marker, so my data sheet got a big note about it.",pace_too_fast|workload_heavy,mid,,,,,,,,,,,,,,,"I was the only person whose quadrat frame snapped at the ""3B"" marker, so my data sheet got a big note about it",,feedback_8.csv,p000095
796,combo_self_and_other_scores,2026Fall,CS330,Parallel Algorithms,Ethan Park,"I got 69 on the midterm, while my study buddy Keira Moss got 52. Workload is heavy and the lecture explanations feel too rushed for the harder proofs.",workload_heavy|pace_too_fast|teaching_unclear,mid,,Keira Moss,,69.0,52.0,,,,,,,,,,,,feedback_8.csv,p000096
797,name_only,2025Fall,AR101,Intro to Studio Art,Maru Nakatani,"I liked the studio vibe, but the slide demos felt incomplete and I wasn’t sure what “finished” meant. Casey Park kept asking for examples and it still felt fuzzy.",slides_incomplete|teaching_unclear,mid,,Casey Park,,,,,,,,,,,,,,,feedback_8.csv,p000097
798,section_time_place,2026Spring,RS-799,Independent Study: Recursive Songwriting,K. O. Thales,"RS-799 Section IS at 15:00–15:50 Th in Office Annex C-12 sounded flexible, but the expectations were fuzzy. Feedback came late and it made the portfolio hard to steer.",assignment_unclear|ta_support_poor|fairness_issue,mid,,,,,,,,,,Section IS,15:00–15:50 Th,Office Annex C-12,,,,,feedback_8.csv,p000098
799,social_handle,2026Spring,UG301,Introductory Robotics,Marin Osei,"UG301 labs are cool but the autograder is unforgiving, so small mistakes tank your submission. Marin Osei explains concepts fine, but the assignments need clearer specs. @bot_builder_01",grading_harsh|assignment_unclear|fairness_issue,mid,,,Marin Osei,,,,,,@bot_builder_01,,,,,,,,feedback_8.csv,p000099
800,student_id,2026Spring,BT-S01,Seminar in Speculative Botany,Prof. Linnea Sparrow,"Student 20250388 here—cool vibe, but expectations for participation felt inconsistent week to week. Sometimes it seemed like points depended on who spoke first.",fairness_issue|teaching_unclear,mid,,,,,,20250388.0,,,,,,,,,,,feedback_9.csv,p000000
801,accommodation,2024Fall,CS420,Systems Programming II,Hiro Tanek,"Projects were brutal and grading felt harsh for tiny mistakes. I have note-taking accommodations for a hearing processing disorder, and I still struggled because so much of the key info was only said out loud in lab.",workload_heavy|grading_harsh|ta_support_poor,mid,,,,,,,,,,,,,,,,I have note-taking accommodations for a hearing processing disorder,feedback_9.csv,p000001
802,combo_self_and_other_scores,2026Spring,SM102,Quantum Foundations,Ibrahim Noor,"The notes felt incomplete and I spent more time hunting external resources than learning. I got 47, and my discussion partner Liora Venn got 55.",slides_incomplete|materials_poor|difficulty_high,high,,Liora Venn,,47.0,55.0,,,,,,,,,,,,feedback_9.csv,p000002
803,combo_scores_plus_location,2025Fall,MT201,Foundations of Calculus,Evan Kaito,"HW load is ridiculous for an intro calc class. I got 74 on Homework 3 but my teammate Bram Sato got 59 even though we followed the rubric. Section C7, Fri 08:00–09:15, room North Wing 1-033.",workload_heavy|fairness_issue|grading_harsh,high,,Bram Sato,,74.0,59.0,,,,,Section C7,Fri 08:00–09:15,North Wing 1-033,,,,,feedback_9.csv,p000003
804,social_handle,2026Fall,CS330,Parallel Algorithms,Ethan Park,CS330 was a mess for me. The pace was insanely fast and half the time I couldn’t tell what the slides were trying to say. I’m exhausted. @bitsandbarriers,pace_too_fast|teaching_unclear|slides_incomplete,high,,,,,,,,,@bitsandbarriers,,,,,,,,feedback_9.csv,p000004
805,accommodation,2025Fall,PSY150X,Cognitive Psychology,Mika Ren,"Quizzes felt unfair because the wording was super ambiguous, and the study guide didn’t match. I have a flexible deadline accommodation for a flare-up based disability, but the constant quizzes made it hard to use without falling behind.",fairness_issue|assignment_unclear|workload_heavy,mid,,,,,,,,,,,,,,,,I have a flexible deadline accommodation for a flare-up based disability,feedback_9.csv,p000005
806,email,2026Spring,SM102,Quantum Foundations,Ibrahim Noor,"SM102 was insanely hard for a seminar and the problem sets ate my whole week. If you found a better way to survive it, please email rina.patel26@example.edu.",difficulty_high|workload_heavy|pace_too_fast,high,,,,,,,rina.patel26@example.edu,,,,,,,,,,feedback_9.csv,p000006
807,combo_scores_plus_location,2025Fall,ART101X,Introduction to Pottery,Marlo Finch,Pottery is fun but the project directions are kinda all over the place. I got 90 on Project 1 and my classmate Tessa Rook got 76. Section P3 is Mon 16:10–18:00 in Studio K-12.,assignment_unclear|teaching_unclear,high,,Tessa Rook,,90.0,76.0,,,,,Section P3,Mon 16:10–18:00,Studio K-12,,,,,feedback_9.csv,p000007
808,combo_scores_plus_location,2025Fall,ART101X,Introduction to Pottery,Marlo Finch,"Critique days feel chaotic and I never know what counts. I got 81 on Project 2, and my friend Kian Merrow got 95. Section P1 meets Tue 13:00–14:50 in Clay Lab B-07.",teaching_unclear|assignment_unclear,high,,Kian Merrow,,81.0,95.0,,,,,Section P1,Tue 13:00–14:50,Clay Lab B-07,,,,,feedback_9.csv,p000008
809,unique_event,2026Spring,UG498,Quantum Algorithms,Rafael Miron,"This class is brutal and the pacing is unreal. On the midterm, my Scantron got rejected because it had a single coffee drip on the timing marks, so they made me redo it in the hallway.",pace_too_fast|exam_too_hard|fairness_issue,mid,,,,,,,,,,,,,,,"my Scantron got rejected because it had a single coffee drip on the timing marks, so they made me redo it in the hallway",,feedback_9.csv,p000009
810,combo_self_and_other_scores,2025Fall,ECO305X,Econometrics,Priya Nalav,"The final was straight-up mean and didn’t match the homework difficulty at all. I got 70, and my roommate Sol Ibarra got 52.",exam_too_hard|fairness_issue|difficulty_high,high,,Sol Ibarra,,70.0,52.0,,,,,,,,,,,,feedback_9.csv,p000010
811,both_score_and_name,2025Fall,MT201,Foundations of Calculus,Evan Kaito,"Finished with a 68. I liked the practice sets, but the midterm was brutal—Mara Quell and I walked out like “what just happened?”",exam_too_hard|grading_harsh|pace_too_fast,mid,,Mara Quell,,68.0,,,,,,,,,,,,,feedback_9.csv,p000011
812,section_time_place,2026Spring,UG498,Quantum Algorithms,Rafael Miron,UG498 Section Q3 is kinda brutal. I go Tuesdays 14:30–15:50 in Room C-214 and the pace is way too fast for how abstract it gets.,difficulty_high|pace_too_fast,mid,,,,,,,,,,Section Q3,Tuesdays 14:30–15:50,Room C-214,,,,,feedback_9.csv,p000012
813,combo_self_and_other_scores,2026Spring,UG301,Introductory Robotics,Marin Osei,"Labs were supposed to be “auto-graded” but half the failures were just unclear specs. I got 90, and my friend Avery Nix got 83.",assignment_unclear|materials_poor|fairness_issue,high,,Avery Nix,,90.0,83.0,,,,,,,,,,,,feedback_9.csv,p000013
814,combo_self_and_other_scores,2024Fall,CS420,Systems Programming II,Hiro Tanek,"Pace was insane and TA help was basically “read the manual.” I got 51, and my friend Petra Lin got 39.",pace_too_fast|ta_support_poor|difficulty_high,high,,Petra Lin,,51.0,39.0,,,,,,,,,,,,feedback_9.csv,p000014
815,section_time_place,2026Winter,MG409,Quantitative Finance,R. K. Omondi,MG409 Section F1 meets Mondays 09:00–10:20 in Hall B-08. Problem sets take forever and grading feels harsh even when the method is right.,workload_heavy|grading_harsh,mid,,,,,,,,,,Section F1,Mondays 09:00–10:20,Hall B-08,,,,,feedback_9.csv,p000015
816,score_only,2026Fall,CS330,Parallel Algorithms,Ethan Park,Concepts are cool but the lectures were hard to follow and the midterm felt like a trap. Finished with 62.,teaching_unclear|exam_too_hard|difficulty_high,high,,,,62.0,,,,,,,,,,,,,feedback_9.csv,p000016
817,accommodation,2025Fall,CMP101X,Introduction to Programming Concepts,Amena Parkash,"Labs moved way too fast and the instructions were kinda all over the place. I have approved extended time on timed assessments due to ADHD, but the setup still felt stressful and rushed.",pace_too_fast|assignment_unclear|workload_heavy,mid,,,,,,,,,,,,,,,,I have approved extended time on timed assessments due to ADHD,feedback_9.csv,p000017
818,both_score_and_name,2025Fall,UGF201,Abstract Algebra I,Tamsin Qori,Got a 49 and I’m honestly mad at myself. My study buddy Rina Holt also struggled but at least she kept me from dropping.,difficulty_high|exam_too_hard|grading_harsh,mid,,Rina Holt,,49.0,,,,,,,,,,,,,feedback_9.csv,p000018
819,score_only,2025Spring,CS220,Databases and Applications,Liam Crest,"TA support was basically nonexistent when the project broke, and the grading felt unforgiving. I ended with 60.",ta_support_poor|grading_harsh|workload_heavy,high,,,,60.0,,,,,,,,,,,,,feedback_9.csv,p000019
820,email,2025Fall,CMP101X,Introduction to Programming Concepts,Amena Parkash,"CMP101X moved way too fast and the labs felt like they assumed you already knew everything. If anyone has a clear study plan, email me at jules.martin25@example.edu.",pace_too_fast|assignment_unclear|workload_heavy,high,,,,,,,jules.martin25@example.edu,,,,,,,,,,feedback_9.csv,p000020
821,name_only,2025Fall,BIO220L,Molecular Biology Lab,Junia Calder,BIO220L is brutal for the amount of writing they expect every week. Nora Keene and I were up late fixing report formatting more than actually learning the lab.,workload_heavy|grading_harsh,high,,Nora Keene,,,,,,,,,,,,,,,feedback_9.csv,p000021
822,score_only,2026Fall,BI220,Cell Biology,Hiro Tan,Labs took forever and the pace was brutal from week 2. I put in so many hours and still landed 58.,workload_heavy|pace_too_fast|difficulty_high,high,,,,58.0,,,,,,,,,,,,,feedback_9.csv,p000022
823,section_time_place,2026Winter,MG409,Quantitative Finance,R. K. Omondi,"In MG409 Section F3, Wednesdays 15:00–16:20 in Lecture Room R-101, the midterm practice was nothing like the actual exam. Felt unfair and the exam was way too hard.",exam_too_hard|fairness_issue,high,,,,,,,,,,Section F3,Wednesdays 15:00–16:20,Lecture Room R-101,,,,,feedback_9.csv,p000023
824,section_time_place,2026Spring,UG498,Quantum Algorithms,Rafael Miron,"UG498 Section Q1, Mondays 12:30–13:50 in Hall A-22, is a stress factory. Slides feel incomplete and then the homework expects stuff that wasn’t covered.",slides_incomplete|assignment_unclear|pace_too_fast,high,,,,,,,,,,Section Q1,Mondays 12:30–13:50,Hall A-22,,,,,feedback_9.csv,p000024
825,combo_unique_plus_location,2026Spring,LB220,Elementary Persian I,Omid Farrokh,"LB220 would be fun, but the workload is way heavier than a beginner class should be. In section P2, I was the only one whose oral exam recording saved as silent audio because the classroom mic switch was off, and I had to redo it on the spot. Meets 10:20–11:10 in Room L-08.",workload_heavy|fairness_issue|schedule_conflict,high,,,,,,,,,,section P2,10:20–11:10,Room L-08,,,I was the only one whose oral exam recording saved as silent audio because the classroom mic switch was off,,feedback_9.csv,p000025
826,score_only,2025Fall,PSY150X,Cognitive Psychology,Mika Ren,Quizzes felt random and the lectures jumped around a lot. I studied hard and still ended with 64.,teaching_unclear|grading_harsh|assignment_unclear,mid,,,,64.0,,,,,,,,,,,,,feedback_9.csv,p000026
827,none,2025Fall,MT201,Foundations of Calculus,Evan Kaito,"I’m lost most lectures because the explanations jump steps. Homework feels disconnected from what we actually practice in class, so the tests hit like a truck.",teaching_unclear|materials_poor|exam_too_hard,high,,,,,,,,,,,,,,,,,feedback_9.csv,p000027
828,student_id,2026Spring,UG498,Quantum Algorithms,Rafael Miron,Student 20250119: the midterm felt unfair compared to what we practiced. Also the lecture explanations are super hand-wavy for something this hard.,fairness_issue|exam_too_hard|teaching_unclear,mid,,,,,,20250119.0,,,,,,,,,,,feedback_9.csv,p000028
829,combo_self_and_other_scores,2024Spring,PH330,Quantum Concepts,Anika Voss,"The midterm felt way harder than the practice set, like a totally different course. I got 62, while my classmate Rowan Keel got 74.",exam_too_hard|materials_poor|difficulty_high,high,,Rowan Keel,,62.0,74.0,,,,,,,,,,,,feedback_9.csv,p000029
830,student_id,2026Summer,PSY-X12,Introduction to Dream Interpretation,Noam L. Berri,"I’m student 20259002 and honestly the material feels kinda outdated and shallow. Quizzes were fine, but the readings repeat the same points over and over.",content_outdated|materials_poor,low,,,,,,20259002.0,,,,,,,,,,,feedback_9.csv,p000030
831,email,2024Spring,PH330,Quantum Concepts,Anika Voss,"The midterm felt way harder than the problem sets and the grading was rough, like no partial credit for reasonable steps. If you’re forming a study group, msg me at oscar.bennett23@example.edu.",exam_too_hard|grading_harsh|difficulty_high,high,,,,,,,oscar.bennett23@example.edu,,,,,,,,,,feedback_9.csv,p000031
832,email,2025Fall,HC410,Intro to Economic Thinking,Patricia Ames,"Felt unfair how participation mattered but nobody explained what “good” participation even was, and the pacing was all over the place. If you want to compare notes, samira.khan25@example.edu.",fairness_issue|teaching_unclear|pace_too_fast,high,,,,,,,samira.khan25@example.edu,,,,,,,,,,feedback_9.csv,p000032
833,social_handle,2026Spring,UG400,Environmental Statistics,Luca Moretti,"UG400 could be great but the instructions are constantly unclear, like you have to guess what they want. The pace ramps up fast and TA help was basically nonexistent when I went. @stat_tired",assignment_unclear|pace_too_fast|ta_support_poor,high,,,,,,,,,@stat_tired,,,,,,,,feedback_9.csv,p000033
834,name_only,2025Winter,EC410,Global Markets and Policy,Rafael Orme,"EC410 exams were ridiculous compared to the readings, like they were written for a different class. Kenji Rowe and I walked out feeling completely blindsided.",exam_too_hard|materials_poor|difficulty_high,high,,Kenji Rowe,,,,,,,,,,,,,,,feedback_9.csv,p000034
835,combo_scores_plus_location,2025Fall,PH301,Statistical Mechanics,Zoe Park,"The pace in PH301 is nuts and the slides don’t help. I got 62 on the midterm, while my study buddy Juno Hale got 48. Section A4 is Wed 11:00–12:15 in Lecture Center 2-09.",pace_too_fast|slides_incomplete|exam_too_hard,high,,Juno Hale,,62.0,48.0,,,,,Section A4,Wed 11:00–12:15,Lecture Center 2-09,,,,,feedback_9.csv,p000035
836,student_id,2025Fall,UGF201,Abstract Algebra I,Tamsin Qori,Student ID 20259876 here—problem sets are brutal and the pacing is way too fast. I spent all weekend and still felt lost in proofs.,workload_heavy|pace_too_fast|difficulty_high,mid,,,,,,20259876.0,,,,,,,,,,,feedback_9.csv,p000036
837,phone,2024Fall,CS420,Systems Programming II,Hiro Tanek,Projects were brutal and the grading felt harsh as hell for tiny mistakes. I’m still not sure what they wanted on half the rubrics—hit me up at +1-555-0119 if you figured it out.,workload_heavy|grading_harsh|assignment_unclear,high,,,,,,,,+1-555-0119,,,,,,,,,feedback_9.csv,p000037
838,social_handle,2026Spring,UG101,Foundations of Art History,Priya Anand,UG101 was way more work than I expected for an intro—reading load was wild and the essay prompts were vague. Lectures were okay but the materials felt scattered. @muse_notes,workload_heavy|assignment_unclear|materials_poor,high,,,,,,,,,@muse_notes,,,,,,,,feedback_9.csv,p000038
839,email,2026Spring,UG400,Environmental Statistics,Luca Moretti,"Homework directions were messy and the slides felt incomplete, so I spent forever guessing what to do. I’m salty about it—reach me at kenji.lee24@example.edu.",assignment_unclear|slides_incomplete|materials_poor,high,,,,,,,kenji.lee24@example.edu,,,,,,,,,,feedback_9.csv,p000039
840,both_score_and_name,2025Fall,PSY150X,Cognitive Psychology,Mika Ren,"I pulled a 74, but it was way more stressful than it needed to be. Jules Arden kept saying the quiz questions felt like riddles, and yeah… same.",teaching_unclear|assignment_unclear|grading_harsh,mid,,Jules Arden,,74.0,,,,,,,,,,,,,feedback_9.csv,p000040
841,dorm_room,2025Fall,QMX350,Quantum Mechanics II,Levon Mirek,Trying to do the psets in Alder Hall and it’s just pain. I’m in Alder Hall room 314 and still can’t tell what the homework is asking half the time.,difficulty_high|assignment_unclear|workload_heavy,high,,,,,,,,,,,,,Alder Hall,Alder Hall room 314,,,feedback_9.csv,p000041
842,combo_self_and_other_scores,2025Fall,ECO305X,Econometrics,Priya Nalav,"Brutal curve and the problem sets felt like riddles. I got 61, but my friend Mila Rowen got 48, so I guess I shouldn’t complain too much.",grading_harsh|assignment_unclear|workload_heavy,high,,Mila Rowen,,61.0,48.0,,,,,,,,,,,,feedback_9.csv,p000042
843,student_id,2026Spring,UG101,Foundations of Art History,Priya Anand,Student ID 20253421: slides are incomplete so taking notes is mandatory. The essay prompts feel vague and grading is stricter than the rubric implies.,slides_incomplete|assignment_unclear|grading_harsh,mid,,,,,,20253421.0,,,,,,,,,,,feedback_9.csv,p000043
844,none,2026Winter,MG409,Quantitative Finance,R. K. Omondi,Problem sets eat my entire week and the instructions are confusing half the time. Grading also feels harsh for tiny algebra slips.,workload_heavy|assignment_unclear|grading_harsh,high,,,,,,,,,,,,,,,,,feedback_9.csv,p000044
845,score_only,2025Fall,HFA210,Contemporary Film Appreciation,Jonas Evert,"I didn’t expect participation to be basically the whole grade, and it felt kinda subjective. Ended up with 78.",fairness_issue|grading_harsh,mid,,,,78.0,,,,,,,,,,,,,feedback_9.csv,p000045
846,combo_unique_plus_location,2026Spring,SM102,Quantum Foundations,Ibrahim Noor,"SM102 made me feel stupid every week; the teaching jumps steps like we’re supposed to read minds. In section S1, I was the only person whose problem set got auto-rejected because I used the provided LaTeX template but the file name had an extra period, and it “failed parsing.” Meets 11:00–12:15 in Room Z-03.",teaching_unclear|difficulty_high|assignment_unclear,high,,,,,,,,,,section S1,11:00–12:15,Room Z-03,,,"I was the only person whose problem set got auto-rejected because I used the provided LaTeX template but the file name had an extra period, and it “failed parsing.”",,feedback_9.csv,p000046
847,combo_self_and_other_scores,2024Fall,CS420,Systems Programming II,Hiro Tanek,"Projects were a time sink and half the time the requirements felt implied, not stated. I got 43, and my lab partner Nori Sato got 58.",workload_heavy|assignment_unclear|difficulty_high,high,,Nori Sato,,43.0,58.0,,,,,,,,,,,,feedback_9.csv,p000047
848,dorm_room,2025Fall,ENG404T,Advanced Technical Writing,Sera Holcomb,I’m drafting in Juniper Hall room 509 and the grading feels weirdly harsh for how vague the rubric is. Feedback is basically “be clearer” with no examples.,grading_harsh|materials_poor|fairness_issue,high,,,,,,,,,,,,,Juniper Hall,Juniper Hall room 509,,,feedback_9.csv,p000048
849,combo_self_and_other_scores,2026Spring,LB102,Creative Writing Workshop,Sana Kadir,"Workshop vibes were nice but grading felt weirdly strict for something so subjective. I got 88, and my peer Kai Arden got 94.",grading_harsh|fairness_issue,high,,Kai Arden,,88.0,94.0,,,,,,,,,,,,feedback_9.csv,p000049
850,dorm_room,2025Fall,PH301,Statistical Mechanics,Zoe Park,Studying in Cedar House room 22B and I’m convinced the lectures skip the steps that show up on exams. The pace is brutal and the midterm felt like a trap.,pace_too_fast|teaching_unclear|exam_too_hard,high,,,,,,,,,,,,,Cedar House,Cedar House room 22B,,,feedback_9.csv,p000050
851,email,2025Fall,PSY150X,Cognitive Psychology,Mika Ren,Quizzes were brutal and the grading felt kind of harsh for how vague the questions were. I’m honestly annoyed—swap notes with me at theo.ng27@example.edu.,exam_too_hard|grading_harsh|teaching_unclear,high,,,,,,,theo.ng27@example.edu,,,,,,,,,,feedback_9.csv,p000051
852,combo_scores_plus_location,2025Fall,MT201,Foundations of Calculus,Evan Kaito,MT201 would be okay if the lectures weren’t so hard to follow. I got 88 on Quiz 1 and my classmate Omar Venn got 52. Section A1 meets Wed 15:30–16:45 in Main Hall 0-104.,teaching_unclear|difficulty_high|pace_too_fast,high,,Omar Venn,,88.0,52.0,,,,,Section A1,Wed 15:30–16:45,Main Hall 0-104,,,,,feedback_9.csv,p000052
853,accommodation,2026Spring,UG101,Foundations of Art History,Priya Anand,"Slides felt incomplete and I was constantly guessing what to study. I have a distraction-reduced testing room accommodation for anxiety, but the exam questions were still weirdly specific and rough.",slides_incomplete|exam_too_hard|materials_poor,mid,,,,,,,,,,,,,,,,I have a distraction-reduced testing room accommodation for anxiety,feedback_9.csv,p000053
854,dorm_room,2026Spring,BT-S01,Seminar in Speculative Botany,Prof. Linnea Sparrow,Reading in Willow Residence room 3A and the materials are all over the place—half the PDFs look like blurry scans. Discussion is cool but the weekly pace is relentless.,materials_poor|pace_too_fast|workload_heavy,high,,,,,,,,,,,,,Willow Residence,Willow Residence room 3A,,,feedback_9.csv,p000054
855,combo_self_and_other_scores,2025Fall,ENG404T,Advanced Technical Writing,Sera Holcomb,"Feedback was so vague that revising felt like guessing what the rubric secretly wanted. I got 86, but my teammate Quinn Marlow got 79.",teaching_unclear|fairness_issue|grading_harsh,high,,Quinn Marlow,,86.0,79.0,,,,,,,,,,,,feedback_9.csv,p000055
856,score_only,2025Fall,ART101X,Introduction to Pottery,Marlo Finch,Projects were fun but instructions were scattered and I never knew what “counts” until critique day. Got 74.,assignment_unclear|slides_incomplete,mid,,,,74.0,,,,,,,,,,,,,feedback_9.csv,p000056
857,unique_event,2026Summer,PSY-X12,Introduction to Dream Interpretation,Noam L. Berri,The readings are fine but the quizzes feel random and the slides don’t match. My Quiz 2 attempt was the only one that auto-submitted at question 7 because my browser pop-up “dream journal reminder” stole focus and hit enter on the last page.,materials_poor|slides_incomplete|fairness_issue,mid,,,,,,,,,,,,,,,My Quiz 2 attempt was the only one that auto-submitted at question 7 because my browser pop-up “dream journal reminder” stole focus and hit enter on the last page.,,feedback_9.csv,p000057
858,combo_scores_plus_location,2025Fall,MT201,Foundations of Calculus,Evan Kaito,"MT201 is brutal this term. I got 68 on the midterm, but my lab partner Nora Jalen got 84. I’m in Section B2, class time Tue 09:30–10:45, in room Hall C-214.",difficulty_high|exam_too_hard|pace_too_fast,high,,Nora Jalen,,68.0,84.0,,,,,Section B2,Tue 09:30–10:45,Hall C-214,,,,,feedback_9.csv,p000058
859,unique_event,2026Spring,SM102,Quantum Foundations,Ibrahim Noor,"Small class but the problem sets are savage and the grading is nitpicky. On PS4, I was the only one whose PDF exported with all the integral signs missing, so my work looked like nonsense even though it was correct in my editor.",difficulty_high|grading_harsh|exam_too_hard,mid,,,,,,,,,,,,,,,"I was the only one whose PDF exported with all the integral signs missing, so my work looked like nonsense even though it was correct in my editor.",,feedback_9.csv,p000059
860,combo_unique_plus_location,2026Summer,HS205,Global Health Policy,Diego Alvarez,"HS205 readings are interesting but the grading on essays feels harsh and inconsistent. In section H5, I was the only one whose final essay got flagged for “missing citations” because the PDF export turned all my footnote numbers into tiny squares. Meets 13:00–14:30 in Seminar Room S-6.",grading_harsh|materials_poor|fairness_issue,high,,,,,,,,,,section H5,13:00–14:30,Seminar Room S-6,,,I was the only one whose final essay got flagged for “missing citations” because the PDF export turned all my footnote numbers into tiny squares,,feedback_9.csv,p000060
861,section_time_place,2025Fall,UG310,Introductory Creativity Workshop,Amira Sol,"UG310 Section C9 Thursdays 10:30–11:50 in Studio K-02 conflicts with my other lab, so I’m always sprinting across campus. Love the projects but the schedule is a pain.",schedule_conflict|workload_heavy,mid,,,,,,,,,,Section C9,Thursdays 10:30–11:50,Studio K-02,,,,,feedback_9.csv,p000061
862,section_time_place,2026Spring,SM102,Quantum Foundations,Ibrahim Noor,SM102 Section S2 on Thursdays 16:00–17:20 in Seminar Room D-3 is interesting but the assignments are weirdly unclear. I spend more time guessing the format than learning.,assignment_unclear|teaching_unclear,mid,,,,,,,,,,Section S2,Thursdays 16:00–17:20,Seminar Room D-3,,,,,feedback_9.csv,p000062
863,combo_self_and_other_scores,2025Fall,UGF201,Abstract Algebra I,Tamsin Qori,"This class moved at warp speed and the lecture explanations didn’t land for me. I got 54, and my study buddy Jalen Pike got 67.",pace_too_fast|teaching_unclear|difficulty_high,high,,Jalen Pike,,54.0,67.0,,,,,,,,,,,,feedback_9.csv,p000063
864,unique_event,2026Spring,BT-S01,Seminar in Speculative Botany,Prof. Linnea Sparrow,"Cool topic, but the expectations for the essay are weirdly vague and feedback is all over the place. My final essay was the only one returned with every other paragraph highlighted because the PDF “night mode” layer got saved into the file and made it look like I was copying blocks.",assignment_unclear|grading_harsh|fairness_issue,mid,,,,,,,,,,,,,,,My final essay was the only one returned with every other paragraph highlighted because the PDF “night mode” layer got saved into the file and made it look like I was copying blocks.,,feedback_9.csv,p000064
865,phone,2025Fall,UG301,Introduction to Cultural Studies,Marin Orel,"Participation points saved me, but the final was a total curveball and the study guide barely matched. If anyone wants to compare notes, text me at +1-555-0107.",exam_too_hard|materials_poor,high,,,,,,,,+1-555-0107,,,,,,,,,feedback_9.csv,p000065
866,unique_event,2025Winter,TH-330,Applied Thermodynamics,Elijah K. Sorn,"Lectures jump steps and you’re just expected to “fill in the math.” During Lab 3, my calorimeter file was the only one that saved with commas instead of periods, so the TA’s script turned every temperature into NaN and I got marked “no data.”",teaching_unclear|grading_harsh|fairness_issue,mid,,,,,,,,,,,,,,,"my calorimeter file was the only one that saved with commas instead of periods, so the TA’s script turned every temperature into NaN and I got marked “no data.”",,feedback_9.csv,p000066
867,name_only,2025Spring,CS220,Databases and Applications,Liam Crest,The project in CS220 was interesting but the grading felt wildly inconsistent. Priya Dalen got totally different feedback than I did for basically the same schema choices.,fairness_issue|grading_harsh,mid,,Priya Dalen,,,,,,,,,,,,,,,feedback_9.csv,p000067
868,accommodation,2024Spring,PH330,Quantum Concepts,Anika Voss,"The pace was insane and the teaching was not super clear once we got past the basics. I have permission to record lectures due to a chronic migraine condition, and re-listening helped, but I still felt behind every week.",pace_too_fast|teaching_unclear|difficulty_high,mid,,,,,,,,,,,,,,,,I have permission to record lectures due to a chronic migraine condition,feedback_9.csv,p000068
869,score_only,2025Winter,EC410,Global Markets and Policy,Rafael Orme,Way too much reading for how little it helped on the exam. Walked out feeling doomed and got 53.,exam_too_hard|workload_heavy|materials_poor,high,,,,53.0,,,,,,,,,,,,,feedback_9.csv,p000069
870,combo_scores_plus_location,2025Fall,PH301,Statistical Mechanics,Zoe Park,"PH301 grading feels savage. I got 57 on Quiz 2 and my friend Eli Voren got 73, and we studied together?? Section D1 meets Thu 14:00–15:15 in Science Annex 3-118.",grading_harsh|fairness_issue|difficulty_high,high,,Eli Voren,,57.0,73.0,,,,,Section D1,Thu 14:00–15:15,Science Annex 3-118,,,,,feedback_9.csv,p000070
871,combo_unique_plus_location,2025Fall,BIO220L,Molecular Biology Lab,Junia Calder,"BIO220L labs are nonstop and the instructions are weirdly vague. In section B7, I was the only student whose gel image uploaded upside-down because the lab iPad auto-rotated it, and my report got dinged for “mislabeling.” Meets 14:00–16:50 in Lab C-02.",workload_heavy|assignment_unclear|grading_harsh,high,,,,,,,,,,section B7,14:00–16:50,Lab C-02,,,I was the only student whose gel image uploaded upside-down because the lab iPad auto-rotated it,,feedback_9.csv,p000071
872,section_time_place,2026Fall,AR205,Landscape Painting Studio,Mina Ortega,AR205 Section A7 is fun but critiques can feel random. We meet Wednesdays 13:00–15:50 in Studio G-19 and the grading criteria should be clearer.,fairness_issue|teaching_unclear,mid,,,,,,,,,,Section A7,Wednesdays 13:00–15:50,Studio G-19,,,,,feedback_9.csv,p000072
873,none,2025Spring,CS220,Databases and Applications,Liam Crest,"The project spec was messy and kept changing, which was super frustrating. I learned stuff, but the workload was heavy and the grading felt inconsistent.",assignment_unclear|workload_heavy|fairness_issue,high,,,,,,,,,,,,,,,,,feedback_9.csv,p000073
874,dorm_room,2025Winter,ED102,Foundations of Play,Sofia Varela,I’m in Birch Tower room 1401 and the schedule is chaotic—projects pop up last minute. The instructions change mid-week and it’s honestly stressing me out.,schedule_conflict|assignment_unclear|pace_too_fast,high,,,,,,,,,,,,,Birch Tower,Birch Tower room 1401,,,feedback_9.csv,p000074
875,combo_scores_plus_location,2025Fall,PH301,Statistical Mechanics,Zoe Park,"Final review session didn’t match what was on the exam at all. I got 45 on the final, and my roommate Sera Noll got 66. Section F2 is Mon 18:30–19:45 in Physics Building 4-201.",exam_too_hard|materials_poor|teaching_unclear,high,,Sera Noll,,45.0,66.0,,,,,Section F2,Mon 18:30–19:45,Physics Building 4-201,,,,,feedback_9.csv,p000075
876,combo_unique_plus_location,2025Fall,UG301,Advanced Algorithms,Rina Kovac,"UG301 was brutal and the grading felt random. In section L2, I was the only one whose midterm printout had page 3 duplicated and page 4 missing, so my proof got marked “incomplete.” Class meets 09:30–10:45 in Room K-14.",difficulty_high|grading_harsh|fairness_issue,high,,,,,,,,,,section L2,09:30–10:45,Room K-14,,,I was the only one whose midterm printout had page 3 duplicated and page 4 missing,,feedback_9.csv,p000076
877,student_id,2026Fall,CS330,Parallel Algorithms,Ethan Park,I’m 20257640 and the workload is nuts once the project ramps up. TA help was basically nonexistent when we hit debugging hell.,workload_heavy|ta_support_poor|difficulty_high,mid,,,,,,20257640.0,,,,,,,,,,,feedback_9.csv,p000077
878,combo_unique_plus_location,2025Fall,QP-420,Advanced Quantum Plumbing,Dr. Horace Pent,"QP-420 is chaotic and the pace is way too fast for the problem sets. In section QP3, I was the only one whose final exam booklet had the staples misaligned so Q6 got torn in half when I flipped the page, and they still wouldn’t reprint it. Class is 18:10–19:25 in Hall P-9.",pace_too_fast|exam_too_hard|fairness_issue,high,,,,,,,,,,section QP3,18:10–19:25,Hall P-9,,,I was the only one whose final exam booklet had the staples misaligned so Q6 got torn in half when I flipped the page,,feedback_9.csv,p000078
879,unique_event,2025Fall,ART101X,Introduction to Pottery,Marlo Finch,"I wanted chill vibes but the critiques are intense and kinda arbitrary. In the final firing, my mug was the only piece that got stuck to the kiln shelf because someone’s glaze drip fused it down, and it snapped when they pried it off.",fairness_issue|grading_harsh|workload_heavy,mid,,,,,,,,,,,,,,,"my mug was the only piece that got stuck to the kiln shelf because someone’s glaze drip fused it down, and it snapped when they pried it off",,feedback_9.csv,p000079
880,name_only,2025Fall,CMP101X,Introduction to Programming Concepts,Amena Parkash,CMP101X was kind of a mess this term. I studied with Diego Lark and we still felt like the labs explained nothing until it was too late.,teaching_unclear|assignment_unclear|pace_too_fast,mid,,Diego Lark,,,,,,,,,,,,,,,feedback_9.csv,p000080
881,student_id,2025Fall,UG301,Advanced Algorithms,Rina Kovac,I’m student 20251234 and this class absolutely cooked me. Lectures jump steps and the homeworks feel like riddles unless you already know the trick.,difficulty_high|teaching_unclear|assignment_unclear,mid,,,,,,20251234.0,,,,,,,,,,,feedback_9.csv,p000081
882,combo_self_and_other_scores,2025Fall,ENG404T,Advanced Technical Writing,Sera Holcomb,"Assignments kept shifting and it felt unfair when the grading didn’t match the latest instructions. I got 92, while my teammate Briar Knox got 85.",assignment_unclear|fairness_issue|grading_harsh,high,,Briar Knox,,92.0,85.0,,,,,,,,,,,,feedback_9.csv,p000082
883,dorm_room,2025Summer,BI230,Ecology and Field Methods,Derek Malle,Writing lab reports in Maple Court room 7C at 2am because the workload stacks up fast. Instructions for the field logs are confusing and the slides don’t help.,workload_heavy|assignment_unclear|slides_incomplete,high,,,,,,,,,,,,,Maple Court,Maple Court room 7C,,,feedback_9.csv,p000083
884,section_time_place,2025Winter,ED102,Foundations of Play,Sofia Varela,ED102 Section P5 Mondays 11:00–12:20 in Workshop Room W-4 is cute but the materials are messy. Half the instructions are verbal and I miss details.,materials_poor|teaching_unclear,mid,,,,,,,,,,Section P5,Mondays 11:00–12:20,Workshop Room W-4,,,,,feedback_9.csv,p000084
885,student_id,2024Fall,CS420,Systems Programming II,Hiro Tanek,I’m 20254567 and the grading felt harsh for tiny mistakes. Projects are cool but the specs are messy and you find requirements after you submit.,grading_harsh|assignment_unclear|slides_incomplete,mid,,,,,,20254567.0,,,,,,,,,,,feedback_9.csv,p000085
886,phone,2026Spring,UG275,Software Engineering Practices,Evan Kest,"The team project was chaos and the expectations changed week to week, so it felt unfair when grading came down. TA help was basically nonexistent—text me at +1-555-0126 if you’re trying to appeal or just vent.",fairness_issue|ta_support_poor|assignment_unclear,high,,,,,,,,+1-555-0126,,,,,,,,,feedback_9.csv,p000086
887,section_time_place,2026Spring,RS501,Advanced Topology Seminar,Gareth M. Kline,"RS501 Section T1 meets Tuesdays 18:00–20:30 in Math Lounge M-2. Everyone pretends they get it, but the material is insanely hard and the pacing never slows down.",difficulty_high|pace_too_fast,mid,,,,,,,,,,Section T1,Tuesdays 18:00–20:30,Math Lounge M-2,,,,,feedback_9.csv,p000087
888,phone,2026Spring,GR501,Advanced Thermodynamics,Linnea Vorenk,"Insanely fast pace and the slides felt incomplete, so I spent more time guessing than learning. If you want to swap problem-set approaches, call +1-555-0138.",pace_too_fast|slides_incomplete|difficulty_high,high,,,,,,,,+1-555-0138,,,,,,,,,feedback_9.csv,p000088
889,both_score_and_name,2026Fall,BI220,Cell Biology,Hiro Tan,Ended with a 57 and it felt like I was sprinting all semester. Nico Vance warned me the labs would eat my weekends and he was right.,workload_heavy|pace_too_fast|difficulty_high,mid,,Nico Vance,,57.0,,,,,,,,,,,,,feedback_9.csv,p000089
890,name_only,2025Fall,ENG404T,Advanced Technical Writing,Sera Holcomb,ENG404T moved insanely fast—one draft cycle after another with barely any breathing room. I compared notes with Milo Vance and we both felt the slides were missing key examples.,pace_too_fast|slides_incomplete|workload_heavy,high,,Milo Vance,,,,,,,,,,,,,,,feedback_9.csv,p000090
891,combo_unique_plus_location,2026Spring,UG400,Environmental Statistics,Luca Moretti,"UG400 is fine conceptually but the slides feel incomplete and I’m constantly guessing what’s on the test. In section E4, I was the only one whose midterm ScanSheet printed with a gray stripe so the scanner read every B as blank, and it took forever to fix. Class is 15:30–16:45 in Room M-21.",slides_incomplete|materials_poor|fairness_issue,high,,,,,,,,,,section E4,15:30–16:45,Room M-21,,,I was the only one whose midterm ScanSheet printed with a gray stripe so the scanner read every B as blank,,feedback_9.csv,p000091
892,social_handle,2026Winter,MG409,Quantitative Finance,R. K. Omondi,"MG409 grading felt harsh and kind of random—same approach on two problems, totally different point loss. The midterm was way harder than what we did in lecture. Not fun. @quant_kai",grading_harsh|fairness_issue|exam_too_hard,high,,,,,,,,,@quant_kai,,,,,,,,feedback_9.csv,p000092
893,none,2025Fall,UG301,Advanced Algorithms,Rina Kovac,This class is brutal. The pace is way too fast and the exams feel like they’re written for people who already took it twice.,difficulty_high|pace_too_fast|exam_too_hard,high,,,,,,,,,,,,,,,,,feedback_9.csv,p000093
894,combo_self_and_other_scores,2025Fall,UGF201,Abstract Algebra I,Tamsin Qori,"Homework took forever and the solutions posted after were too short to learn from. I got 59, and my classmate Dax Hollis got 41.",workload_heavy|materials_poor|difficulty_high,high,,Dax Hollis,,59.0,41.0,,,,,,,,,,,,feedback_9.csv,p000094
895,score_only,2025Fall,WM-101,World Mythologies,Sofia D. Laurent,Loved the stories but the rubric was super vague and feedback came late. My final grade was 71.,grading_harsh|materials_poor,mid,,,,71.0,,,,,,,,,,,,,feedback_9.csv,p000095
896,unique_event,2026Spring,UG330,Database Systems,Nia Havel,"Projects are time sinks and the instructions feel like riddles. My Project 2 got auto-flagged because I accidentally submitted the ER diagram as a .heic photo instead of a PDF, and the grader said it looked “blank.”",workload_heavy|assignment_unclear|grading_harsh,mid,,,,,,,,,,,,,,,"I accidentally submitted the ER diagram as a .heic photo instead of a PDF, and the grader said it looked “blank.”",,feedback_9.csv,p000096
897,section_time_place,2025Summer,BI230,Ecology and Field Methods,Derek Malle,BI230 Section E4 Fridays 07:30–10:10 in Lab Annex L-12 is exhausting. Field days are cool but the lab report rubrics feel incomplete and inconsistent.,workload_heavy|slides_incomplete|fairness_issue,mid,,,,,,,,,,Section E4,Fridays 07:30–10:10,Lab Annex L-12,,,,,feedback_9.csv,p000097
898,social_handle,2025Fall,ECO305X,Econometrics,Priya Nalav,"ECO305X was brutal this term. The problem sets take forever and the exams felt way harder than the practice stuff. If you take it, start early and pray. @alex_studies",difficulty_high|workload_heavy|exam_too_hard,high,,,,,,,,,@alex_studies,,,,,,,,feedback_9.csv,p000098
899,score_only,2025Spring,CS220,Databases and Applications,Liam Crest,Project was basically a second full-time job and the requirements kept shifting. I scraped a 67.,workload_heavy|assignment_unclear|fairness_issue,high,,,,67.0,,,,,,,,,,,,,feedback_9.csv,p000099
900,combo_scores_plus_location,2025Fall,SYN-101,Introduction to Medieval Widgets,Arielle M. Rune,"SYN-101 Section W at 11:15 AM is fun but grading on the quizzes felt strict. I got 84, and my teammate Nina Calder got 92. Classroom G-06 is small so discussions get noisy.",grading_harsh|workload_heavy,low,,Nina Calder,,84.0,92.0,,,,,Section W,11:15 AM,Classroom G-06,,,,,feedback_10.csv,p000000
901,dorm_room,2025Summer,BI230,Ecology and Field Methods,Derek Malle,"Spruce Residence, room 2D — the field days were cool but exhausting. Derek Malle expects a lot in the lab reports and the feedback was pretty minimal.",workload_heavy|ta_support_poor,low,,,Derek Malle,,,,,,,,,,Spruce Residence,room 2D,,,feedback_10.csv,p000001
902,dorm_room,2025Fall,WM-101,World Mythologies,Sofia D. Laurent,"Posting from Cedar House, room 3B: I liked the stories, but the essay prompts were kinda vague. Sofia D. Laurent is friendly, I just wish the grading rubric was clearer.",assignment_unclear|grading_harsh,low,,,Sofia D. Laurent,,,,,,,,,,Cedar House,room 3B,,,feedback_10.csv,p000002
903,combo_scores_plus_location,2024Spring,PH330,Quantum Concepts,Anika Voss,PH330 Section 2 at 1:00 PM was interesting but the midterm felt brutal. I got 60 and my study buddy Omar Lin got 74. In Room Q-118 the board work went too quick to copy.,exam_too_hard|pace_too_fast,low,,Omar Lin,,60.0,74.0,,,,,Section 2,1:00 PM,Room Q-118,,,,,feedback_10.csv,p000003
904,email,2026Spring,SM102,Quantum Foundations,Ibrahim Noor,"SM102 readings were cool but the lectures jumped around, so I wasn’t sure what to focus on for the final. The pace felt fast for a seminar. Form a study group? jordan.nguyen28@example.edu.",teaching_unclear|pace_too_fast,low,,,,,,,jordan.nguyen28@example.edu,,,,,,,,,,feedback_10.csv,p000004
905,combo_scores_plus_location,2026Summer,HS205,Global Health Policy,Diego Alvarez,"HS205 Section S at 3:15 PM had good discussions, but the essay prompts were kind of unclear. I got 73 and my classmate Jonah Reed got 85. Seminar Room M-410 was freezing so I couldn't focus.",assignment_unclear|materials_poor,low,,Jonah Reed,,73.0,85.0,,,,,Section S,3:15 PM,Seminar Room M-410,,,,,feedback_10.csv,p000005
906,combo_unique_plus_location,2025Fall,CMP101X,Introduction to Programming Concepts,Amena Parkash,"Section L2 at 10:30 AM in Room C-114. On Lab 3, I was the only one whose autograder rejected my file because I named it ""main .py"" with a hidden space. Class is fine but the pacing jumps fast if you're new.",pace_too_fast|assignment_unclear,low,,,,,,,,,,Section L2,10:30 AM,Room C-114,,,"I was the only one whose autograder rejected my file because I named it ""main .py"" with a hidden space.",,feedback_10.csv,p000006
907,combo_unique_plus_location,2024Fall,CS420,Systems Programming II,Hiro Tanek,"Section S3 at 1:20 PM in Lab G-19. On Project 2 demo day, I was the only one whose program crashed because my Makefile had a tab replaced by four spaces after I copied it from a chat window. Projects teach a lot, but the workload is heavy.",workload_heavy|difficulty_high,low,,,,,,,,,,Section S3,1:20 PM,Lab G-19,,,I was the only one whose program crashed because my Makefile had a tab replaced by four spaces after I copied it from a chat window.,,feedback_10.csv,p000007
908,unique_event,2025Spring,AR110,Intro to Creative Workshops,Lina Barros,"Super supportive vibe overall. ""my portfolio link opened to a private draft folder I didn’t know existed"" so critique day was a mess for me.",assignment_unclear,low,,,,,,,,,,,,,,,my portfolio link opened to a private draft folder I didn’t know existed,,feedback_10.csv,p000008
909,both_score_and_name,2025Fall,BIO220L,Molecular Biology Lab,Junia Calder,Final score was 79. Priya Lorne and I both felt the lab reports take forever even when you know what you’re doing.,workload_heavy,low,,Priya Lorne,,79.0,,,,,,,,,,,,,feedback_10.csv,p000009
910,combo_unique_plus_location,2026Spring,UG498,Quantum Algorithms,Rafael Miron,"Section QA at 9:00 AM in Lecture Room D-12. On Quiz 1, I was the only person whose PDF upload showed blank pages because I exported from my notes app in ""dark mode"" and it saved white text on transparent background. Really interesting, but the difficulty ramps up fast.",difficulty_high|pace_too_fast|exam_too_hard,low,,,,,,,,,,Section QA,9:00 AM,Lecture Room D-12,,,"I was the only person whose PDF upload showed blank pages because I exported from my notes app in ""dark mode"" and it saved white text on transparent background.",,feedback_10.csv,p000010
911,score_only,2025Winter,ED102,Foundations of Play,Sofia Varela,"Ended with a 95. Super engaging, but the grading on participation felt a little subjective.",fairness_issue,low,,,,95.0,,,,,,,,,,,,,feedback_10.csv,p000011
912,section_time_place,2025Fall,MT201,Foundations of Calculus,Evan Kaito,"MT201 Section B meets Mon/Wed 9:30am in Room H-214. Content is fine but the pace is too fast, so I was always catching up.",pace_too_fast|workload_heavy,low,,,,,,,,,,Section B,Mon/Wed 9:30am,Room H-214,,,,,feedback_10.csv,p000012
913,phone,2025Fall,WM-101,World Mythologies,Sofia D. Laurent,"Loved the stories in WM-101, but the essay prompts were kind of vague and I wasn’t sure what counted as “analysis.” If you’re forming a study group, I’m at +1-555-0147.",assignment_unclear|teaching_unclear,low,,,,,,,,+1-555-0147,,,,,,,,,feedback_10.csv,p000013
914,score_only,2025Fall,BIO220L,Molecular Biology Lab,Junia Calder,Final score was 79. Lab reports took forever and the instructions changed from week to week.,workload_heavy|assignment_unclear,low,,,,79.0,,,,,,,,,,,,,feedback_10.csv,p000014
915,social_handle,2026Spring,LB220,Elementary Persian I,Omid Farrokh,"LB220 with Omid Farrokh was fun but the pace was quick if you miss a day. Participation is basically required, and the homework piles up; I’m practicing vocab on @persian_pebbles.",pace_too_fast|workload_heavy,low,,,Omid Farrokh,,,,,,@persian_pebbles,,,,,,,,feedback_10.csv,p000015
916,section_time_place,2026Spring,UG101,Foundations of Art History,Priya Anand,"UG101 Section 5 meets Mon/Wed 11:00am in Studio F-08. Lectures jump around and the slides feel incomplete, so studying was rough.",teaching_unclear|slides_incomplete,low,,,,,,,,,,Section 5,Mon/Wed 11:00am,Studio F-08,,,,,feedback_10.csv,p000016
917,score_only,2025Fall,PSY150X,Cognitive Psychology,Mika Ren,Got a 73 overall. The lectures were interesting but the exams felt tougher than the practice questions.,exam_too_hard|materials_poor,low,,,,73.0,,,,,,,,,,,,,feedback_10.csv,p000017
918,both_score_and_name,2025Winter,TH-330,Applied Thermodynamics,Elijah K. Sorn,"I pulled a 71, but it felt like constant catch-up. Tessa Quill said the lectures jump steps, and that’s exactly how it felt.",pace_too_fast|teaching_unclear,low,,Tessa Quill,,71.0,,,,,,,,,,,,,feedback_10.csv,p000018
919,dorm_room,2025Spring,MG150,Principles of Management,Anika Verma,"I’m in Juniper Hall, room 407 and MG150 felt disorganized. Anika Verma seems nice, but sometimes the instructions changed mid-week and it felt a bit unfair.",assignment_unclear|fairness_issue|materials_poor,low,,,Anika Verma,,,,,,,,,,Juniper Hall,room 407,,,feedback_10.csv,p000019
920,combo_self_and_other_scores,2026Spring,UG275,Software Engineering Practices,Evan Kest,"I got 58 on the midterm, and my friend Priya got 63. The test covered edge cases we barely practiced, so it felt rough.",exam_too_hard|materials_poor,low,,Priya,,58.0,63.0,,,,,,,,,,,,feedback_10.csv,p000020
921,unique_event,2025Fall,HC410,Intro to Economic Thinking,Patricia Ames,"Lectures were fine but the midterm felt way faster than practice. ""I was the only one whose scantron bubbled through onto the back page"" so my answers got shifted.",exam_too_hard|fairness_issue,low,,,,,,,,,,,,,,,I was the only one whose scantron bubbled through onto the back page,,feedback_10.csv,p000021
922,combo_scores_plus_location,2025Winter,ED102,Foundations of Play,Sofia Varela,"ED102 Section P at 4:00 PM is cute, but the project instructions felt scattered. I got 90, and my partner Elise Rowan got 96. Studio K-12 is bright, just wish expectations were written down better.",assignment_unclear|teaching_unclear,low,,Elise Rowan,,90.0,96.0,,,,,Section P,4:00 PM,Studio K-12,,,,,feedback_10.csv,p000022
923,email,2025Fall,HFA210,Contemporary Film Appreciation,Jonas Evert,Loved the discussions but grading felt kinda subjective and the essay prompts were vague. I wish the rubric was clearer. I’m happy to compare notes: taylor.miles26@example.edu.,grading_harsh|assignment_unclear,low,,,,,,,taylor.miles26@example.edu,,,,,,,,,,feedback_10.csv,p000023
924,section_time_place,2025Fall,BIO220L,Molecular Biology Lab,Junia Calder,"BIO220L Section L2 runs Fri 2:30pm in Lab D-16. Lab reports take forever and the instructions are easy to misread, so it got stressful.",workload_heavy|assignment_unclear,low,,,,,,,,,,Section L2,Fri 2:30pm,Lab D-16,,,,,feedback_10.csv,p000024
925,student_id,2025Summer,BI230,Ecology and Field Methods,Derek Malle,"Student ID: 20251408. The field days were awesome but exhausting, and the lab report expectations weren’t explained super clearly.",workload_heavy|assignment_unclear,low,,,,,,20251408.0,,,,,,,,,,,feedback_10.csv,p000025
926,phone,2025Fall,PSY150X,Cognitive Psychology,Mika Ren,"PSY150X was interesting but the pace got too fast after week 4 and the quizzes felt trickier than the lectures. If anyone wants to compare notes, text me at +1-555-0112.",pace_too_fast|exam_too_hard,low,,,,,,,,+1-555-0112,,,,,,,,,feedback_10.csv,p000026
927,phone,2025Spring,CS220,Databases and Applications,Liam Crest,"CS220 project took way longer than I expected and the rubric felt strict, so plan ahead. If you want to sanity-check schema designs, reach me at +1-555-0163.",workload_heavy|grading_harsh,low,,,,,,,,+1-555-0163,,,,,,,,,feedback_10.csv,p000027
928,score_only,2025Spring,MG150,Principles of Management,Anika Verma,"I landed a 82. Content was fine, but the group project grading felt harsher than expected.",grading_harsh|fairness_issue,low,,,,82.0,,,,,,,,,,,,,feedback_10.csv,p000028
929,score_only,2026Spring,BT-S01,Seminar in Speculative Botany,Prof. Linnea Sparrow,"Got a 87. Cool discussions, but some readings felt outdated and the slides were kinda bare.",content_outdated|slides_incomplete,low,,,,87.0,,,,,,,,,,,,,feedback_10.csv,p000029
930,score_only,2025Fall,PSY150X,Cognitive Psychology,Mika Ren,"Walked away with a 66. I tried, but the way concepts were explained felt scattered and the midterm was brutal.",teaching_unclear|exam_too_hard|difficulty_high,low,,,,66.0,,,,,,,,,,,,,feedback_10.csv,p000030
931,accommodation,2025Fall,PH301,Statistical Mechanics,Zoe Park,PH301 is interesting but the pace is super fast and I kept falling behind. accommodation: extra time on timed exams,pace_too_fast|difficulty_high,low,,,,,,,,,,,,,,,,accommodation: extra time on timed exams,feedback_10.csv,p000031
932,section_time_place,2026Spring,UG400,Environmental Statistics,Luca Moretti,UG400 Section C meets Thu 12:30pm in Room M-118. I wish the slides had more worked examples; they felt incomplete for review.,slides_incomplete|materials_poor,low,,,,,,,,,,Section C,Thu 12:30pm,Room M-118,,,,,feedback_10.csv,p000032
933,dorm_room,2025Fall,QP-420,Advanced Quantum Plumbing,Dr. Horace Pent,"Oak Hall, room 110 here—QP-420 is honestly confusing. Dr. Horace Pent goes fast and the slides feel incomplete, so the midterm review didn’t help much.",teaching_unclear|slides_incomplete|pace_too_fast,low,,,Dr. Horace Pent,,,,,,,,,,Oak Hall,room 110,,,feedback_10.csv,p000033
934,name_only,2025Fall,UGF201,Abstract Algebra I,Tamsin Qori,This class is way more abstract than I expected and the homeworks take forever. Samir Velasquez explained cosets to me in 10 minutes and it finally clicked.,difficulty_high|workload_heavy,low,,Samir Velasquez,,,,,,,,,,,,,,,feedback_10.csv,p000034
935,combo_unique_plus_location,2025Fall,ART101X,Introduction to Pottery,Marlo Finch,"Section P1 meets 2:00 PM in Studio K-3. During the glaze firing, I was the only student whose bowl got stuck to the kiln shelf because I forgot to wax the tiny ring foot. Fun class but critiques can feel a bit harsh.",grading_harsh|workload_heavy,low,,,,,,,,,,Section P1,2:00 PM,Studio K-3,,,I was the only student whose bowl got stuck to the kiln shelf because I forgot to wax the tiny ring foot.,,feedback_10.csv,p000035
936,student_id,2025Fall,HFA210,Contemporary Film Appreciation,Jonas Evert,"I’m 20259002. Fun discussions, but grading on participation felt a bit harsh when you miss a day and it’s hard to catch up.",grading_harsh|fairness_issue,low,,,,,,20259002.0,,,,,,,,,,,feedback_10.csv,p000036
937,student_id,2025Fall,AR101,Intro to Studio Art,Maru Nakatani,"Student 20253320. Loved the studio time, but the slide examples for techniques were kinda incomplete and I wasn’t sure what “finished” meant for critiques.",slides_incomplete|assignment_unclear,low,,,,,,20253320.0,,,,,,,,,,,feedback_10.csv,p000037
938,student_id,2026Spring,RS501,Advanced Topology Seminar,Gareth M. Kline,I’m 20258819 and honestly the material is super hard. The pace is quick and I left a few meetings feeling lost even after reading.,difficulty_high|pace_too_fast|teaching_unclear,low,,,,,,20258819.0,,,,,,,,,,,feedback_10.csv,p000038
939,accommodation,2025Fall,HFA210,Contemporary Film Appreciation,Jonas Evert,"HFA210 discussions are fun, but participation grading felt a little stressful if you’re quiet. accommodation: alternative participation via short written reflections",fairness_issue,low,,,,,,,,,,,,,,,,accommodation: alternative participation via short written reflections,feedback_10.csv,p000039
940,none,2025Summer,BI230,Ecology and Field Methods,Derek Malle,"Fieldwork was cool, but it’s hard to juggle with another summer class since the days can run long. Lab reports took way more time than I expected, and help outside class was hit-or-miss.",schedule_conflict|workload_heavy|ta_support_poor,low,,,,,,,,,,,,,,,,,feedback_10.csv,p000040
941,unique_event,2025Fall,ECO305X,Econometrics,Priya Nalav,"Psets are rough but I learned a lot. ""my submission got flagged because I used the wrong header template"" and it took a week to get cleared up.",workload_heavy|fairness_issue,low,,,,,,,,,,,,,,,my submission got flagged because I used the wrong header template,,feedback_10.csv,p000041
942,combo_scores_plus_location,2025Summer,BI230,Ecology and Field Methods,Derek Malle,"BI230 Section F at 7:30 AM is exhausting after field days, and the lab reports take forever. I got 76, while my friend Kara Dev got 88. We usually start in Field Station FS-2 and it feels like nonstop work.",workload_heavy|schedule_conflict,low,,Kara Dev,,76.0,88.0,,,,,Section F,7:30 AM,Field Station FS-2,,,,,feedback_10.csv,p000042
943,accommodation,2025Fall,BIO220L,Molecular Biology Lab,Junia Calder,"BIO220L labs are cool, but the lab report instructions are kinda unclear and I rewrote mine twice. accommodation: flexible lab deadlines when flare-ups happen",assignment_unclear,low,,,,,,,,,,,,,,,,accommodation: flexible lab deadlines when flare-ups happen,feedback_10.csv,p000043
944,student_id,2025Fall,CMP101X,Introduction to Programming Concepts,Amena Parkash,"I’m student 20251234 and I struggled keeping up with the weekly labs. The concepts click eventually, but the pace felt super fast.",pace_too_fast|workload_heavy|difficulty_high,low,,,,,,20251234.0,,,,,,,,,,,feedback_10.csv,p000044
945,social_handle,2025Fall,MT201,Foundations of Calculus,Evan Kaito,MT201 with Evan Kaito was tougher than I expected. Homework sets were long and the pace jumped fast; I’m posting notes on @calc_crumbs if anyone wants to compare approaches.,workload_heavy|pace_too_fast|difficulty_high,low,,,Evan Kaito,,,,,,@calc_crumbs,,,,,,,,feedback_10.csv,p000045
946,phone,2025Fall,SYN-101,Introduction to Medieval Widgets,Arielle M. Rune,"SYN-101 was fun but the slides felt incomplete, so I kept having to hunt for details in the readings. If anyone wants to swap study outlines, text +1-555-0189.",slides_incomplete|materials_poor,low,,,,,,,,+1-555-0189,,,,,,,,,feedback_10.csv,p000046
947,email,2025Fall,QMX350,Quantum Mechanics II,Levon Mirek,"QMX350 was honestly brutal and I felt behind most weeks. The problem sets take forever and the pacing is super fast. If anyone has study tips, email me at riley.kwon25@example.edu.",difficulty_high|workload_heavy|pace_too_fast,low,,,,,,,riley.kwon25@example.edu,,,,,,,,,,feedback_10.csv,p000047
948,none,2025Spring,AR110,Intro to Creative Workshops,Lina Barros,"Fun studio vibe, but critiques felt pretty subjective and it was unclear what “good enough” looked like. Also ended up buying extra supplies that weren’t mentioned early on.",fairness_issue|materials_poor,low,,,,,,,,,,,,,,,,,feedback_10.csv,p000048
949,combo_self_and_other_scores,2026Spring,ED410,Curriculum Theory Seminar,Owen Li,"I got 73 on my paper, and my cohort mate Nadia got 81. Seminar discussions were good, but expectations for citations weren’t super clear.",teaching_unclear|grading_harsh,low,,Nadia,,73.0,81.0,,,,,,,,,,,,feedback_10.csv,p000049
950,email,2025Spring,CS220,Databases and Applications,Liam Crest,"CS220 started smooth but the midterm felt way harder than the practice questions, which was frustrating. I wish expectations were clearer earlier. Anyone have extra practice problems? casey.hart26@example.edu.",exam_too_hard|teaching_unclear,low,,,,,,,casey.hart26@example.edu,,,,,,,,,,feedback_10.csv,p000050
951,score_only,2025Fall,CF-210,Computational Folklore,Maya R. Brant,Ended up with a 68. Fun ideas but the quizzes felt weirdly picky and the pace jumped around near the end.,grading_harsh|pace_too_fast,low,,,,68.0,,,,,,,,,,,,,feedback_10.csv,p000051
952,section_time_place,2025Fall,MT201,Foundations of Calculus,Evan Kaito,"MT201 Section D is Fri 8:00am in Hall B-204. The final was brutal compared to practice sets, and the pace all semester was intense.",exam_too_hard|pace_too_fast|difficulty_high,low,,,,,,,,,,Section D,Fri 8:00am,Hall B-204,,,,,feedback_10.csv,p000052
953,email,2025Spring,MG150,Principles of Management,Anika Verma,"MG150 was fine overall, but the group project workload got heavy right when other classes ramped up. Also felt a bit unfair when some teams had way easier topics. If you want to swap project planning templates, email devon.sato25@example.edu.",workload_heavy|fairness_issue,low,,,,,,,devon.sato25@example.edu,,,,,,,,,,feedback_10.csv,p000053
954,both_score_and_name,2025Fall,WM-101,World Mythologies,Sofia D. Laurent,"Got a 83 overall. Also, Rowan Pike was right that the essay prompts are kinda vague unless you go to office hours.",assignment_unclear,low,,Rowan Pike,,83.0,,,,,,,,,,,,,feedback_10.csv,p000054
955,combo_self_and_other_scores,2025Fall,QP-420,Advanced Quantum Plumbing,Dr. Horace Pent,"I got 47 overall, and my buddy Hana got 53. Honestly I tried, but the homework ramps up hard and the lectures can be confusing.",workload_heavy|teaching_unclear|difficulty_high,low,,Hana,,47.0,53.0,,,,,,,,,,,,feedback_10.csv,p000055
956,unique_event,2026Summer,HS205,Global Health Policy,Diego Alvarez,"I liked the discussions, but grading feedback was pretty short. ""my midterm essay was returned with someone else’s comment rubric stapled to it"" and I had to ask for a regrade.",grading_harsh|fairness_issue,low,,,,,,,,,,,,,,,my midterm essay was returned with someone else’s comment rubric stapled to it,,feedback_10.csv,p000056
957,combo_unique_plus_location,2026Winter,MG409,Quantitative Finance,R. K. Omondi,"Section Q4, 6:15 PM, Hall B-207. On the midterm, I was the only one asked to redo Problem 2 on a separate sheet because my calculator printed the regression output as a QR code sticker. Lectures are dense and the exam felt brutal.",exam_too_hard|difficulty_high|pace_too_fast,low,,,,,,,,,,Section Q4,6:15 PM,Hall B-207,,,I was the only one asked to redo Problem 2 on a separate sheet because my calculator printed the regression output as a QR code sticker.,,feedback_10.csv,p000057
958,section_time_place,2026Spring,ED410,Curriculum Theory Seminar,Owen Li,"ED410 Section S1 meets Thu 6:00pm in Seminar K-22. Discussions are interesting, but expectations for the papers weren’t super clear.",assignment_unclear|teaching_unclear,low,,,,,,,,,,Section S1,Thu 6:00pm,Seminar K-22,,,,,feedback_10.csv,p000058
959,combo_self_and_other_scores,2026Fall,PH230,Electrodynamics,Helga Brenn,"I got 61 on the final, and my study buddy Omar got 55. The lectures were solid but the problem sets felt like they came out of nowhere.",workload_heavy|assignment_unclear|difficulty_high,low,,Omar,,61.0,55.0,,,,,,,,,,,,feedback_10.csv,p000059
960,accommodation,2025Winter,ED102,Foundations of Play,Sofia Varela,"ED102 is wholesome and the projects are manageable, but the weekly pace can still sneak up on you. accommodation: brief breaks during long in-class activities",pace_too_fast,low,,,,,,,,,,,,,,,,accommodation: brief breaks during long in-class activities,feedback_10.csv,p000060
961,name_only,2026Fall,CS330,Parallel Algorithms,Ethan Park,Projects are cool but the grading felt stricter than I expected and the midterm was rough. Theo Maren walked me through a race condition bug and I stopped spiraling.,grading_harsh|exam_too_hard,low,,Theo Maren,,,,,,,,,,,,,,,feedback_10.csv,p000061
962,student_id,2025Fall,ECO305X,Econometrics,Priya Nalav,I’m 20250981 and the problem sets were brutal. I wish the assignment instructions were clearer because I kept second-guessing the format.,assignment_unclear|difficulty_high|workload_heavy,low,,,,,,20250981.0,,,,,,,,,,,feedback_10.csv,p000062
963,section_time_place,2026Spring,UG400,Environmental Statistics,Luca Moretti,"UG400 Section A is Tue 4:00pm in Room J-310. The midterm felt way harder than the homework, like it came out of nowhere.",exam_too_hard|fairness_issue,low,,,,,,,,,,Section A,Tue 4:00pm,Room J-310,,,,,feedback_10.csv,p000063
964,combo_self_and_other_scores,2025Fall,ENG404T,Advanced Technical Writing,Sera Holcomb,"I got 86 on the portfolio, and my friend Mira got 78. Feedback was helpful but the rubric felt stricter than expected.",grading_harsh,low,,Mira,,86.0,78.0,,,,,,,,,,,,feedback_10.csv,p000064
965,section_time_place,2026Summer,HS205,Global Health Policy,Diego Alvarez,HS205 Section 2 is Mon 10:00am in Room P-105. Great topics but the reading load is heavy and I couldn’t keep up every week.,workload_heavy|difficulty_high,low,,,,,,,,,,Section 2,Mon 10:00am,Room P-105,,,,,feedback_10.csv,p000065
966,score_only,2025Fall,ENG404T,Advanced Technical Writing,Sera Holcomb,"Finished with an 89. Good feedback, but the portfolio expectations were not super clear until late.",assignment_unclear|slides_incomplete,low,,,,89.0,,,,,,,,,,,,,feedback_10.csv,p000066
967,student_id,2025Fall,MT201,Foundations of Calculus,Evan Kaito,Student ID 20254567 here. Homework took forever and the midterm felt way harder than the practice problems.,workload_heavy|exam_too_hard|difficulty_high,low,,,,,,20254567.0,,,,,,,,,,,feedback_10.csv,p000067
968,accommodation,2025Fall,QP-420,Advanced Quantum Plumbing,Dr. Horace Pent,QP-420 homework was brutal and the midterm felt way harder than the practice set. accommodation: permission to audio-record lectures,workload_heavy|exam_too_hard,low,,,,,,,,,,,,,,,,accommodation: permission to audio-record lectures,feedback_10.csv,p000068
969,section_time_place,2025Fall,WM-101,World Mythologies,Sofia D. Laurent,"WM-101 Section 3 is Tue/Thu 1:00pm in Hall C-102. I liked the stories, but the essay prompts felt vague and grading was a bit harsh.",assignment_unclear|grading_harsh,low,,,,,,,,,,Section 3,Tue/Thu 1:00pm,Hall C-102,,,,,feedback_10.csv,p000069
970,combo_self_and_other_scores,2025Fall,UG310,Introductory Creativity Workshop,Amira Sol,"I got 91 in the course, and my groupmate Benji got 84. Fun class, but the slides were kinda incomplete so you had to rely on notes.",slides_incomplete|materials_poor,low,,Benji,,91.0,84.0,,,,,,,,,,,,feedback_10.csv,p000070
971,dorm_room,2025Fall,MT201,Foundations of Calculus,Evan Kaito,"I’m in Birch Hall, room 214 and this class is kind of a lot. The homework takes forever and the pacing feels fast, but the material is doable if you start early.",workload_heavy|pace_too_fast|difficulty_high,low,,,,,,,,,,,,,Birch Hall,room 214,,,feedback_10.csv,p000071
972,name_only,2026Spring,LB220,Elementary Persian I,Omid Farrokh,Fun class but the pace is kind of fast if you miss a day. Mira Aleni shared her flashcards with me and that saved me this week.,pace_too_fast,low,,Mira Aleni,,,,,,,,,,,,,,,feedback_10.csv,p000072
973,combo_scores_plus_location,2026Spring,UG101,Foundations of Art History,Priya Anand,UG101 Section A at 9:00 AM is a lot of memorizing and the slides feel incomplete. I got 55 and my classmate Tessa Bloom got 72. Lecture Hall H-32 is comfy but I wish the lecture points were clearer.,slides_incomplete|teaching_unclear|difficulty_high,low,,Tessa Bloom,,55.0,72.0,,,,,Section A,9:00 AM,Lecture Hall H-32,,,,,feedback_10.csv,p000073
974,combo_self_and_other_scores,2025Fall,QP-420,Advanced Quantum Plumbing,Dr. Horace Pent,"I got 52 on the midterm, while my lab partner Jae got 39. The exam was brutal and the pacing jumped fast after week 3.",exam_too_hard|pace_too_fast|difficulty_high,low,,Jae,,52.0,39.0,,,,,,,,,,,,feedback_10.csv,p000074
975,social_handle,2025Summer,PS330,Research Methods,Elena Rossi,PS330 Research Methods with Elena Rossi was a ton of writing for a summer class. The instructions for the research paper changed a couple times; I kept a checklist thread on @methods_mess.,workload_heavy|assignment_unclear,low,,,Elena Rossi,,,,,,@methods_mess,,,,,,,,feedback_10.csv,p000075
976,unique_event,2025Fall,SYN-101,Introduction to Medieval Widgets,Arielle M. Rune,"Fun topic, but the quiz instructions can be confusing. ""my Quiz 2 PDF exported with blank pages except the cover"" so it looked like I submitted nothing.",assignment_unclear|materials_poor,low,,,,,,,,,,,,,,,my Quiz 2 PDF exported with blank pages except the cover,,feedback_10.csv,p000076
977,combo_self_and_other_scores,2026Spring,UG275,Software Engineering Practices,Evan Kest,"I got 67 on the team project, and my teammate Lila got 74. Workload was heavy and the grading felt inconsistent across teams.",workload_heavy|fairness_issue|grading_harsh,low,,Lila,,67.0,74.0,,,,,,,,,,,,feedback_10.csv,p000077
978,student_id,2025Fall,UG301,Introduction to Cultural Studies,Marin Orel,"This is 20257654. The lectures were interesting, but the final felt like it covered way more detail than what we practiced in quizzes.",exam_too_hard|teaching_unclear,low,,,,,,20257654.0,,,,,,,,,,,feedback_10.csv,p000078
979,combo_scores_plus_location,2025Fall,MT201,Foundations of Calculus,Evan Kaito,"MT201 Section B felt rushed at 10:00 AM, and the quizzes were rough. I got 68, but my lab partner Mira Jansen got 81. Room C-214 was packed and it was hard to follow questions.",pace_too_fast|exam_too_hard,low,,Mira Jansen,,68.0,81.0,,,,,Section B,10:00 AM,Room C-214,,,,,feedback_10.csv,p000079
980,combo_self_and_other_scores,2025Winter,ED102,Foundations of Play,Sofia Varela,"I got 95 overall, and my classmate Rowan got 88. Super fun projects, but directions for the final build were a little vague.",assignment_unclear,low,,Rowan,,95.0,88.0,,,,,,,,,,,,feedback_10.csv,p000080
981,dorm_room,2025Fall,ART101X,Introduction to Pottery,Marlo Finch,"From Maple Court, room 12A: ART101X is fun but the workload surprised me. Marlo Finch is encouraging, I just wish the project requirements were spelled out more.",workload_heavy|assignment_unclear,low,,,Marlo Finch,,,,,,,,,,Maple Court,room 12A,,,feedback_10.csv,p000081
982,unique_event,2025Winter,ED102,Foundations of Play,Sofia Varela,"Loved the projects, but the directions changed a couple times. ""I accidentally brought the prototype with the squeaky hinge that everyone recognized from my demo"" and felt called out when it showed up in the feedback notes.",assignment_unclear|fairness_issue,low,,,,,,,,,,,,,,,I accidentally brought the prototype with the squeaky hinge that everyone recognized from my demo,,feedback_10.csv,p000082
983,social_handle,2026Fall,CS330,Parallel Algorithms,Ethan Park,CS330 Parallel Algorithms with Ethan Park was cool but the project ramped up fast. Grading felt a bit harsh on performance details; I posted a mini write-up at @threadsafe_tina.,grading_harsh|pace_too_fast|difficulty_high,low,,,Ethan Park,,,,,,@threadsafe_tina,,,,,,,,feedback_10.csv,p000083
984,combo_unique_plus_location,2026Spring,RS501,Advanced Topology Seminar,Gareth M. Kline,"Section T1, 3:40 PM, Seminar Room M-5. For my presentation, I was the only one told to restart because my slide deck opened with all commutative diagrams mirrored left-to-right after a font substitution. Great discussions, but expectations are high and grading feels strict.",grading_harsh|difficulty_high|materials_poor,low,,,,,,,,,,Section T1,3:40 PM,Seminar Room M-5,,,I was the only one told to restart because my slide deck opened with all commutative diagrams mirrored left-to-right after a font substitution.,,feedback_10.csv,p000084
985,both_score_and_name,2026Fall,CS330,Parallel Algorithms,Ethan Park,"Ended with 66, yikes. Miles Hart kept saying the midterm questions didn’t match the practice set, and I kinda agree.",exam_too_hard|materials_poor,low,,Miles Hart,,66.0,,,,,,,,,,,,,feedback_10.csv,p000085
986,name_only,2025Summer,PS330,Research Methods,Elena Rossi,The assignments stack up fast and the instructions felt a bit all over the place. Priya Nandor showed me how to set up the methods section and it made everything less messy.,workload_heavy|assignment_unclear,low,,Priya Nandor,,,,,,,,,,,,,,,feedback_10.csv,p000086
987,combo_scores_plus_location,2024Fall,CS420,Systems Programming II,Hiro Tanek,"CS420 Section 3 at 2:30 PM moved super fast and the project specs were vague. I got 47, while my friend Leon Park got 62. We met in Lab R-109 and still couldn't figure out what was expected.",pace_too_fast|assignment_unclear|workload_heavy,low,,Leon Park,,47.0,62.0,,,,,Section 3,2:30 PM,Lab R-109,,,,,feedback_10.csv,p000087
988,social_handle,2025Fall,UGF201,Abstract Algebra I,Tamsin Qori,UGF201 (Abstract Algebra I) with Tamsin Qori felt like being dropped in the deep end. The proofs on the assignments weren’t always clear to me; I vented a bit on @proof_panic but overall it’s interesting.,assignment_unclear|difficulty_high|teaching_unclear,low,,,Tamsin Qori,,,,,,@proof_panic,,,,,,,,feedback_10.csv,p000088
989,name_only,2026Spring,LB102,Creative Writing Workshop,Sana Kadir,"I liked the vibe, but the feedback guidelines felt vague and I never knew what “good” looked like. Jordan Pike gave me super specific notes and I learned more from that than the rubric.",teaching_unclear|materials_poor,low,,Jordan Pike,,,,,,,,,,,,,,,feedback_10.csv,p000089
990,none,2025Fall,WM-101,World Mythologies,Sofia D. Laurent,"Readings were interesting, but the lecture explanations didn’t always connect the dots for me. Weekly writing plus discussion posts added up fast.",teaching_unclear|workload_heavy,low,,,,,,,,,,,,,,,,,feedback_10.csv,p000090
991,combo_self_and_other_scores,2026Fall,AR205,Landscape Painting Studio,Mina Ortega,"I got 94 on my portfolio, and my friend Tess got 90. Critiques were supportive, but the grading felt a bit subjective.",fairness_issue,low,,Tess,,94.0,90.0,,,,,,,,,,,,feedback_10.csv,p000091
992,section_time_place,2025Spring,GS510,Advanced Research Seminar,Priya Len,"GS510 Section R meets Wed 3:00pm in Seminar Q-4. Feedback was limited and the grading felt strict, so it was tough to know how to improve.",grading_harsh|ta_support_poor,low,,,,,,,,,,Section R,Wed 3:00pm,Seminar Q-4,,,,,feedback_10.csv,p000092
993,score_only,2025Fall,AR101,Intro to Studio Art,Maru Nakatani,"I got a 91. Loved the projects, but the workload ramps up fast if you fall behind even a week.",workload_heavy|pace_too_fast,low,,,,91.0,,,,,,,,,,,,,feedback_10.csv,p000093
994,combo_unique_plus_location,2026Summer,PSY-X12,Introduction to Dream Interpretation,Noam L. Berri,"Section DR2 at 11:10 AM in Classroom E-08. On Essay 1, I was the only one whose submission got flagged because I accidentally attached my annotated draft with visible comment bubbles instead of the final. Interesting topic, but rubric wording was kind of vague.",assignment_unclear|grading_harsh,low,,,,,,,,,,Section DR2,11:10 AM,Classroom E-08,,,I was the only one whose submission got flagged because I accidentally attached my annotated draft with visible comment bubbles instead of the final.,,feedback_10.csv,p000094
995,combo_self_and_other_scores,2026Fall,PH230,Electrodynamics,Helga Brenn,"I got 69 on the midterm, and my classmate Selene got 72. Pace was fast and I kept wishing the derivations were explained a bit more clearly.",pace_too_fast|teaching_unclear,low,,Selene,,69.0,72.0,,,,,,,,,,,,feedback_10.csv,p000095
996,none,2026Fall,CS330,Parallel Algorithms,Ethan Park,"This one ramps up really quickly, and I was constantly behind after the first couple weeks. The exams felt tougher than the practice problems.",pace_too_fast|exam_too_hard|difficulty_high,low,,,,,,,,,,,,,,,,,feedback_10.csv,p000096
997,combo_self_and_other_scores,2025Fall,ENG404T,Advanced Technical Writing,Sera Holcomb,"I got 82 on the final, and my peer review partner Keon got 89. The examples were good, but some assignments had confusing prompts.",assignment_unclear,low,,Keon,,82.0,89.0,,,,,,,,,,,,feedback_10.csv,p000097
998,email,2026Spring,UG330,Database Systems,Nia Havel,"UG330 projects were interesting but the requirements changed a lot and it was confusing. Slides felt incomplete so I spent time hunting info elsewhere. If you found a good resource list, send it to samir.rao27@example.edu.",assignment_unclear|slides_incomplete|materials_poor,low,,,,,,,samir.rao27@example.edu,,,,,,,,,,feedback_10.csv,p000098
999,unique_event,2026Fall,CS330,Parallel Algorithms,Ethan Park,"Challenging but interesting if you like low-level thinking. ""I was the only student asked to redo Q3 at the board because my pseudocode used a nonstandard barrier"" and it was awkward.",difficulty_high|pace_too_fast,low,,,,,,,,,,,,,,,I was the only student asked to redo Q3 at the board because my pseudocode used a nonstandard barrier,,feedback_10.csv,p000099
